1	62	88.7968052457072	137.77440630484
1	38	615.685950625076	1016.08665857763
1	63	132.441921346095	199.208619201954
1	83	77.3608189124432	152.667755664182
1	13	295.874959387758	360.772497152039
1	95	146.791639762368	216.584703667579
1	85	148.565414882528	263.810401919851
1	110	142.671663750741	256.400087567142
1	17	236.911838056944	251.072908905227
1	86	286.896296007976	476.322061820796
1	24	169.639649351891	256.836444780339
1	25	625.968307944	923.424624399187
1	97	69.7714104856231	129.603758933262
1	1	324.58276653736	400.572016856766
1	8	466.952160099965	795.352104968657
1	69	79.5608940276135	153.995092115941
1	4	204.81411347157	233.538832945612
1	46	19.3557301314342	26.7851289410856
1	16	19.1683927337492	35.5993641144152
1	9	25.545534810771	43.8259844022392
1	101	629.260760453651	921.422947194057
1	51	277.739058805042	438.124574786874
1	104	229.60273301676	239.890828061264
1	106	60.5909953436772	66.5515034306619
1	277	217.396035622524	355.872365274429
1	76	71.4569993128334	85.8170614927487
1	93	66.6140853346391	103.699554518214
1	99	10.9995476114562	15.5346738524709
1	15	542.651063728449	621.559993593111
1	32	261.939269563155	496.863908132221
1	266	14.686511610023	17.7420304835506
1	59	261.808512523216	501.127979371201
1	78	383.700880582305	663.402621084811
1	211	116.272540172689	146.890985115997
1	77	395.591226350791	403.798642588293
1	5	105.234352038351	171.795825060168
1	91	233.555124422328	456.123600860193
1	112	544.488271115109	891.686144496987
1	102	300.936923302215	521.354136441519
1	119	90.8284157280943	114.584121688612
1	176	134.507950558564	226.423068704132
1	644	66.6559275629259	66.9620262045898
1	103	166.086452746804	292.186184252742
1	26	11.0192427043893	17.36128239229
1	88	205.470543758697	402.956931073233
1	29	62.5880664235857	76.4598834476392
1	744	109.244819690587	149.545591228046
1	42	139.319518566746	260.275937493214
1	90	438.072828053996	749.942721147916
1	242	751.143033767651	1434.28531414239
1	114	43.6249646291253	49.98484296724
1	115	234.544692291201	361.300296627441
1	107	409.34603792771	599.163618318436
1	39	345.689320993931	631.113905226491
1	96	142.473877208994	247.073975977558
1	58	366.275657646021	505.868540007932
1	256	266.188825625083	273.523705706937
1	22	239.523353011125	426.301810848401
1	14	418.174972634378	469.982578856171
1	782	546.570044824188	999.387282611908
1	54	396.640398600903	557.075495039171
1	50	253.912304818589	478.940922556653
1	56	368.993516107552	442.51884908397
1	400	373.332785709916	669.071133982609
1	84	119.947716997446	181.466196347855
1	442	401.884483316859	486.150259926802
1	113	528.614047362289	582.576677464608
1	64	521.92946031081	867.442656516798
1	11	72.2863068027824	140.896336676038
1	100	151.361240666062	172.750060428899
1	363	236.988449238701	403.195351187807
1	43	26.2902827450495	50.1187754117891
1	620	28.6199984674435	50.0186909968632
1	983	132.194036847071	252.158019358572
1	184	126.080145920664	222.094831607849
1	757	141.178970207078	145.720387580599
1	869	225.47501192264	309.254242722389
1	229	56.2596211760583	89.161370200959
1	294	85.3670802243832	94.1554867530028
1	98	109.132000852903	202.385758367855
1	228	384.973855025123	706.866270698658
1	350	572.995946995446	723.345387159752
1	57	165.286955757666	175.757321767877
1	540	579.315843935737	677.831301961994
1	617	192.305225649525	297.572061367801
1	170	499.331249323362	748.540109833268
1	49	522.307026880005	695.361628054097
1	73	164.509491227804	277.295600312693
1	643	56.2196867243478	103.500002029743
1	67	169.439268249757	325.227121143932
1	251	231.308097930303	324.380332952677
1	71	530.802878993937	855.330934175721
1	422	25.9213121635473	30.5749753772067
1	763	55.19144755052	101.504492278284
1	448	276.279673241675	512.427020915599
1	246	96.3864296378505	173.032427860871
1	20	39.7579150599232	66.6674463888052
1	79	11.5167144246012	15.6197646574423
1	118	10.9542802092406	14.4756683794363
1	41	122.348751439875	179.098809730919
1	6	38.0445001530668	39.1986359156393
1	535	489.111454084102	629.990844608287
1	423	349.390486847325	565.066019262746
1	835	404.770360138626	451.570891516134
1	141	129.982613049439	200.556266170003
1	748	459.675948397106	664.626169897941
1	3	77.325861430413	127.344356490096
1	801	70.7706267115523	97.1382229597554
1	94	122.752958532773	125.035704565716
1	135	268.293371693833	451.67623273182
1	537	171.421110947347	214.524448554961
1	686	35.1327200453415	52.8706049984575
1	80	128.976545645379	159.622727378352
1	966	476.308189562665	765.051845575836
1	136	148.485408615081	219.407174409476
1	786	307.277270503006	536.682041403091
1	877	389.598926557041	497.910665442991
1	12	52.0486248051974	100.455107830482
1	324	109.07934393458	174.902547434402
1	954	92.5572183814632	161.338009660107
2	78	21.5373497510037	37.9997870639572
2	73	39.315313614586	57.3781174767849
2	75	121.02499557148	206.337804226454
2	62	82.4257968032853	148.051723071868
2	19	200.96083630573	309.684344206237
2	33	492.078616401683	745.246336615783
2	26	131.615666661698	141.094296860031
2	52	62.034859292691	103.538320650187
2	22	21.9117336668594	42.6559314618318
2	79	120.344425197851	150.051616679912
2	829	216.754818073825	387.523981093087
2	58	38.9213017657964	57.9478072870228
2	84	394.73524884681	456.971806966453
2	18	11.0217804582891	18.5385291198047
2	48	259.551268496342	274.6653443846
2	74	212.489828239889	239.453907911572
2	81	261.213499898656	488.960060760528
2	15	380.017951098279	398.481095825502
2	66	138.832048347142	196.631451549605
2	7	396.122133505588	420.092167504035
2	56	317.440877634772	562.69136241153
2	45	24.8532156813206	49.3282906893186
2	82	81.8848520405054	100.978996349877
2	188	350.00113375811	382.557926972253
2	920	65.0976993763343	97.8888646899428
2	30	211.218205871628	335.720842953337
2	41	366.801054233127	595.884867445491
2	790	390.72196935244	570.808675268261
2	248	273.18607152588	370.426711039172
2	40	555.065259384953	1056.37543536035
2	253	219.652371057147	405.546210534724
2	323	354.211018087906	534.136846092059
2	60	31.7632428541608	54.0656489967673
2	47	57.646167366135	65.2803167852224
2	46	148.153315496702	227.759197772952
2	38	577.615594373837	719.264305111522
2	63	440.134272451575	688.623735171067
2	67	311.819307732777	442.100160463114
2	31	11.701543468843	22.4761477338064
2	5	225.686519408453	241.999811422032
2	92	251.954518540741	344.498893901736
2	88	450.542300326537	786.822092610364
2	27	56.1865827795987	98.0788574571521
2	842	343.699404781544	550.28997180093
2	86	375.230234047971	465.862709269362
2	899	409.400698136725	561.819790362355
2	800	19.4009270004001	30.9870635139447
2	89	273.549841309688	300.141165570758
2	3	98.3211662836006	111.19675555277
2	55	48.510975501738	69.0724517321664
2	51	119.27860692948	148.505522911269
2	575	59.2636107063217	116.885573779223
2	455	325.429253466627	338.017441863753
2	100	83.6212321140902	162.675978597848
2	13	119.985830408514	215.489685398805
2	532	297.549696041993	427.284994676669
2	28	105.85830075846	153.709479619892
2	90	112.32101306893	204.949359763341
2	127	70.8715101568361	72.3811434302012
2	624	53.0213310769858	95.928743766837
2	53	472.974861056532	567.566585210758
2	85	34.0183001728814	40.8423092874354
2	965	316.473755685833	450.232837404509
2	8	95.9790369695886	113.39573677607
2	776	107.548157672187	210.395214156074
2	170	80.8222621431678	129.654344996615
2	409	308.620836802116	363.06430892123
2	856	84.248269084491	89.7620126972747
2	21	117.841931493879	163.316783835317
2	80	57.6718412398695	110.012971001301
2	12	136.558816807605	197.113391144957
2	91	13.7306881713358	19.2544176853807
2	623	568.42310446148	1088.61423863271
2	596	451.951074647694	461.598212898257
2	93	135.111443952244	247.495078904813
2	347	228.136593837355	442.94886740483
2	305	35.8977135195852	58.605307625199
2	24	385.051888183249	439.192333734739
2	49	143.528553286348	242.651109872546
2	72	44.3119832004011	59.1809990411939
2	150	496.805373203384	777.396832496314
2	36	37.9852034454165	54.1236334143308
2	517	175.556667342576	192.448522105624
2	362	42.1512631248456	42.2222128086086
2	463	158.682005061154	303.1452056978
2	20	184.467665112795	206.606035179258
2	299	177.890577488528	284.334939406536
2	422	16.2489942001407	18.1192582693306
2	914	130.231092712018	157.280460746839
2	71	183.442214335521	261.730747637916
2	76	22.595092913413	31.1177124744485
2	16	505.050690851664	832.245886122518
2	822	63.2960668067895	121.517995444839
2	17	57.676788328065	68.5889512073406
3	18	383.269566285084	548.282984990525
3	6	755.96007042842	821.818130265544
3	14	25.7123136924171	27.0082891973523
3	16	549.363545893861	573.952688286041
3	629	63.3554680847355	80.2967255253551
3	17	535.953934994039	910.233140754729
3	4	146.27946140211	291.788018450514
3	12	57.4239019655734	81.1121857069364
3	19	23.2798068166151	40.8095740547215
3	7	356.331571294615	506.286548582817
3	1	475.733052746734	751.005996829144
3	8	542.520311917421	751.397141011792
3	871	296.606602653212	324.563701463432
3	841	537.183489262677	595.872775764057
3	9	56.4714237165039	63.2672764426576
3	11	513.29270002958	946.976755210196
3	10	169.882399536614	328.363575098467
3	75	108.868644935483	208.458803554969
3	5	51.0919188433755	62.9184801605887
3	946	86.8936840691109	163.505231621567
4	52	67.5381685632924	81.0757577370526
4	140	312.061447939864	360.747942421575
4	130	689.404723349681	718.078330687345
4	96	100.183052462145	113.363153616608
4	115	451.318326285723	857.306463387018
4	57	224.197179431653	245.995941971186
4	703	352.333241534575	576.738033534265
4	111	306.401738315076	512.630752711419
4	54	183.365355929996	214.805404840465
4	78	111.812303432642	151.884029545542
4	150	143.441618969404	151.91903464543
4	34	224.60417786129	245.384382358
4	114	118.339682339849	213.05724750345
4	161	234.527941306367	364.705464774404
4	45	83.9607631712969	97.7684061818444
4	519	12.0458854660605	17.7639993219762
4	60	114.917265936228	169.762347676977
4	157	36.898122221184	60.9623374081707
4	88	200.27365992231	288.058980416776
4	6	40.5491868874753	42.2106146797399
4	128	336.226696058282	482.955712213528
4	95	25.381157889674	36.0797081992268
4	17	634.717783065847	817.066587384962
4	20	220.882576117703	388.801325896718
4	27	406.222646355267	546.465792407357
4	155	376.759922250528	384.731136573605
4	64	65.9984657522284	123.56428056952
4	58	34.3029230284984	42.1656335683728
4	8	108.210114803729	171.159047226586
4	583	495.137618165993	609.862245201248
4	11	29.6396304553559	40.036930686757
4	529	32.5475813721063	57.9956540443861
4	44	208.534885528746	365.626012504783
4	14	38.5035083203127	54.4367086414461
4	7	97.7588278193766	112.958781599185
4	10	530.188071224926	870.611211686179
4	38	599.200556039438	1089.60304660585
4	12	336.5134661377	391.590805267892
4	18	182.717923200092	305.943518825715
4	109	275.898671339219	429.030763362669
4	137	402.791897765264	718.798052465623
4	113	18.0947015490824	31.626920770639
4	62	129.437029934226	189.200407136373
4	70	10.2280778066386	14.1220736052846
4	66	364.430158101688	557.934157843354
4	24	135.405821137785	227.736600896843
4	125	205.770838902225	248.76236738043
4	151	324.477173160984	490.811815420414
4	133	186.116618997472	277.564135392739
4	23	675.701688661101	1308.44595675437
4	158	353.800449830387	639.77242079957
4	228	32.0539555871179	60.2097548741708
4	141	221.564382590151	423.173702535067
4	406	449.158885406404	523.935180724944
4	3	179.364169538656	327.155964008441
4	134	372.148685873555	381.594222785824
4	106	457.563100827654	691.795603191762
4	39	337.498502644477	569.182664729453
4	92	115.129052195758	218.312432159658
4	103	286.349214734672	458.862488471649
4	61	176.520965262559	282.908024534836
4	119	173.056688642156	280.650132229705
4	159	445.438128190785	569.011981020067
4	167	140.876732941194	144.131660685472
4	276	196.80043845661	340.505992058486
4	33	107.161046607029	133.698091551409
4	139	424.739888370382	631.283574574361
4	110	36.6454705030869	64.5354407431727
4	98	262.34779878396	503.99072366377
4	72	69.6426839584684	88.0364661344517
4	112	52.1325334264583	74.1867307637237
4	162	114.920452458747	185.055397794438
4	156	177.067158538414	347.771732846794
4	71	255.580422904147	352.503416846353
4	40	446.334949894033	643.603768524052
4	59	180.293861163451	297.222591639457
4	971	271.179073250936	450.104355195742
4	91	90.9685093075822	123.774858234241
4	87	74.8626543059305	94.0117033107262
4	105	281.301274377527	431.046548936792
4	730	148.843011641336	160.115455672907
4	43	242.297127563645	298.867658438045
4	822	50.2422226100425	59.6967896561469
4	127	119.900756197935	128.860355473957
4	1	28.5452279972589	32.0650622144618
4	79	43.7234644283184	65.106267961697
4	104	133.295152100406	171.755140081491
4	85	627.775472415041	935.781045486834
4	19	76.2869204041953	104.627379865483
4	942	138.946147833926	171.520571690637
4	725	477.791964570429	632.99530368672
4	411	224.534760331518	278.015196917317
4	606	20.4310248403023	32.5664407331153
4	478	314.809493766543	326.699619167859
4	302	99.8214835696023	169.45191602009
4	107	147.525127329642	251.268758020127
4	74	274.167858472638	316.33141080937
4	41	338.247894046944	526.046248096007
4	153	82.0451903278219	146.415450828154
4	594	692.211428298713	745.920896886688
4	136	181.913153180812	196.156793518657
4	537	219.719687611665	271.470747601917
4	706	507.450620708731	591.515976815917
4	581	340.856517508559	354.831703211395
4	788	488.291555090012	548.395775045757
4	831	113.05177866018	220.435885472736
4	893	186.606753110237	294.41453275638
4	35	16.3687938672345	16.6977063501076
4	222	244.969356199247	371.943056190952
4	9	102.094324211634	174.632994678203
4	69	98.4167222950685	189.329583536876
4	289	59.2010385520761	92.9519859743919
4	499	35.106430036531	46.7357510351967
4	344	51.3359053625427	56.0479873585012
4	81	32.8732000211595	35.6787594675759
4	142	132.489622934949	240.60477911068
4	67	81.8725294349122	125.276426523397
4	118	252.583358062237	386.017641506944
4	90	62.8664572336089	86.9639038834016
4	47	263.002375962214	378.702722765851
4	520	164.349616362876	269.690767072232
4	173	304.485363972134	310.204218307066
4	671	51.5020574543169	94.7850488654923
4	199	283.321304800138	324.359580162925
4	48	22.4482059685738	33.2450189733544
4	22	646.551744263876	749.474143350734
4	731	619.232684076406	908.835886544506
4	21	81.2935495242912	106.548288537294
4	175	85.8776622432646	160.535724413754
4	702	86.6460535547911	145.437119079319
4	80	30.7554478704722	36.4107543687112
4	834	59.8712554741051	109.46171723956
4	121	292.891387531018	538.327603220672
4	300	39.9368259310428	60.256149944133
4	717	331.807312083341	648.5590740351
4	83	26.6646969628822	53.3008237674259
4	373	36.3583454635732	45.9890242035008
4	498	30.4146689327502	47.0706681072683
4	987	216.31571980208	312.320977149159
4	337	101.801996533201	159.757512821017
4	77	242.528499879189	404.281532116049
4	677	91.1411247007275	152.394879987174
4	84	272.811515202192	468.609850973645
4	667	66.0977129224212	113.259484012238
4	200	146.74124193226	180.055018296634
4	65	110.750701857149	154.089446565168
4	146	105.733587822753	207.360198551992
4	32	605.708530566519	1151.81033464655
4	791	88.9471708680257	162.017078929046
4	912	340.548618522728	457.722256012306
4	100	225.293632653679	436.166020996491
4	623	457.051901578462	594.418885905349
4	260	91.701036670106	112.846617624539
4	46	477.074330189766	687.118453139551
4	569	398.978075460055	619.866652310496
4	693	251.879052278529	366.300996389967
4	356	458.758247095513	483.384281881971
4	89	168.851641761536	330.11782825093
4	94	176.165826003144	341.032416460776
4	328	55.2138175346022	106.739252983871
4	2	118.819768698336	227.645105394157
4	126	31.2937723497365	44.1807487577622
4	265	45.3011203786829	51.6806768435535
4	944	60.4581178307804	68.8461480389933
5	183	13.3492854653621	14.1014942380643
5	82	186.132583893897	302.327191145842
5	72	317.672686203231	347.405137461526
5	107	466.709120057853	576.190633680923
5	12	220.739470259631	282.418085617224
5	117	10.689395387978	11.7358987145089
5	68	117.073875549749	171.071217152483
5	57	468.96354538154	855.301162515108
5	109	29.1887546112709	48.8929429217298
5	237	28.3562908290682	48.143689155345
5	191	46.8226960747608	89.1620337965853
5	25	30.6243361032681	44.6296045814106
5	52	341.784704700012	618.630032834993
5	158	327.31777136648	563.008267612865
5	201	569.387399301579	1049.75313097415
5	227	166.725278080779	282.022684468328
5	137	479.630774894557	629.934912439063
5	108	57.7783645856093	104.256856660128
5	51	67.6959952403307	72.0872516416471
5	224	105.150124325953	117.080196374245
5	85	164.847007648017	293.876475971634
5	171	26.6771419004896	42.7193349683358
5	161	307.557025988846	335.574038274937
5	113	161.667814355189	210.162213599726
5	11	120.418210860537	142.110874956587
5	128	12.2671977254875	24.2647975563327
5	53	56.9595062862893	86.7604672532284
5	91	260.344417084169	452.059488835266
5	217	265.418970157587	304.684977860004
5	63	478.988359962585	697.23286205455
5	182	31.6502796037357	32.009829414803
5	98	50.5623451585706	99.5919315022949
5	94	12.5430444416325	19.2038810813967
5	186	383.098975919699	587.264721462205
5	261	296.153856829812	452.089889781064
5	151	60.1649921355606	100.324531798457
5	22	131.398930013831	231.663630668562
5	141	25.67702324394	37.0513673073108
5	207	180.139645463852	214.567028924925
5	236	45.1033348427635	79.3977191292506
5	148	33.0526278889983	45.5773354946362
5	58	89.9701284030313	97.4421581713785
5	226	11.6633086771068	12.1247445682084
5	80	108.183946905278	196.531129616351
5	84	100.639852891974	198.275480432364
5	120	148.88206347026	169.754987095934
5	135	81.9023632071458	114.551758345731
5	15	237.061836080189	402.603603760345
5	114	640.357410062271	967.423319427839
5	901	57.5545371955049	61.610539902498
5	175	173.377991415271	178.034716955634
5	97	97.6910984640434	125.066044461702
5	164	443.63538938185	550.303028262366
5	253	119.511489174101	128.266010887385
5	192	15.8603851352168	27.0605469030841
5	4	271.66739386584	355.230106205712
5	132	20.2921876782981	32.9015508845443
5	194	349.628199735018	414.072305958003
5	214	253.168091022953	392.969220432043
5	26	144.669612445715	284.600059467212
5	28	165.210464722109	192.098581903708
5	375	251.361601335165	298.784143443799
5	220	31.9355917190833	34.9431863501615
5	86	128.73544817359	220.982719782877
5	851	481.541624409864	798.795411818683
5	208	234.88488929108	248.066173037971
5	49	19.6559049643836	34.7887083131634
5	228	100.29097651145	107.995488497288
5	139	62.1449323362414	85.2171333035174
5	202	139.428929837155	215.223841408789
5	102	267.951906904556	442.896208860173
5	21	31.3226701120486	37.2240496223148
5	198	109.417323257968	146.957672439573
5	459	61.6444704735859	88.4578349292136
5	95	29.223184225719	42.6383257918907
5	99	353.355757700911	386.760596450429
5	776	17.3988570726471	23.4066868166998
5	206	437.942211855642	600.858972673616
5	989	11.6475448886154	22.8987602211934
5	159	305.187917031901	590.307824727345
5	134	239.876187038085	245.919851431252
5	30	129.682414040287	251.103607286595
5	106	24.2113236217812	26.2584267581945
5	3	685.979834339106	1069.00244564495
5	17	601.417966636092	652.055412168404
5	116	281.234313580782	435.670599426704
5	233	56.0428537642783	76.2227350160617
5	103	291.050284728897	472.325651448812
5	115	44.3498816305538	56.0874354934305
5	648	108.123760593181	152.34678204101
5	100	54.0297537129511	69.5608052706317
5	50	16.2645630707334	24.6656976959308
5	212	348.724451535253	610.975572366142
5	105	39.3522464499586	50.4000161829183
5	894	449.249361068592	708.114502200031
5	2	14.0515289902927	20.5393966862649
5	126	349.711112194094	452.421387309131
5	19	13.5084771488367	26.3822620664484
5	983	157.847267379913	161.215054993534
5	104	28.5580885934448	44.0534710604894
5	138	181.548023100732	188.924518406455
5	406	518.863916644297	909.934220979644
5	71	195.711429978586	275.828244020086
5	33	66.1499109306139	111.312689272513
5	131	61.696477455877	111.828211067347
5	427	242.403393563071	469.861133211934
5	170	632.573867455392	1185.02691174301
5	46	506.748610798618	744.722982963558
5	222	376.368880032734	560.332914864364
5	36	112.847886952966	161.828646858226
5	734	146.454738300505	248.036461989142
5	200	190.692392953528	255.261211325013
5	210	375.60398417786	649.80897551266
5	185	56.66205711973	95.0827452214133
5	690	109.124928353413	205.194521307581
5	424	93.6378966172402	112.737594275539
5	234	75.1293074964216	140.736012955312
5	378	260.621319282158	290.829244334688
5	27	186.925678426831	265.984411539759
5	92	143.988189014601	160.149854309076
5	739	136.969448023927	208.074365834699
5	732	91.2750717635616	158.89721397198
5	628	41.7645168899393	73.2488336701821
5	152	36.8610092279785	42.1931277219689
5	860	210.018064677258	280.087494343154
5	955	91.0306650917189	165.576383345176
5	177	96.751575843781	173.811319795793
5	74	168.141276840186	176.33045209436
5	715	218.248993925866	252.130160600246
5	637	59.7219760761233	110.892476570339
5	229	101.851697026217	135.70699009635
5	13	272.419174111643	341.025174436862
5	96	269.636542972008	497.186363023389
5	246	411.898529476439	574.547083462429
5	130	641.86699940258	744.733206915285
5	591	381.406230369772	671.819106772173
5	705	544.692160673762	742.913590092238
5	598	334.32389397748	472.595169876399
5	59	752.037017135898	797.105663367384
5	812	103.687994062755	119.493915544119
5	32	35.3577637725313	48.698726986566
5	48	166.102579591844	317.17039682342
5	937	309.457355951638	445.440238195102
5	149	18.7468410249552	27.5351839175904
5	160	303.094163328919	443.784657184433
5	154	226.221647205866	448.21080306248
5	43	137.357931747734	259.249096002359
5	741	85.8014275486588	125.569822528799
5	704	213.174097427714	322.079480546874
5	124	134.935492133226	241.960360405925
5	178	640.742556915964	1160.66124803108
5	77	405.716672398484	452.417110489901
5	769	400.241450367142	595.709119857655
5	944	16.1833899198954	26.9251038508752
5	88	16.1817796263759	19.3480442411444
5	65	270.573379176004	271.600285983635
5	910	139.655162210416	274.897893741835
5	855	47.1171169323461	54.1458750514744
5	848	278.637459045573	407.16128943293
5	143	273.774981472536	486.01544095439
5	457	76.156205714753	113.600097646286
5	204	71.136203178268	111.271320110515
5	672	351.720005646218	465.355608275373
5	157	79.1162786963937	156.227902184017
5	199	254.886225881468	416.316072211531
5	580	142.601839233004	258.881348904975
5	112	409.969896246199	652.706842631285
5	867	412.197419585752	720.715828727592
5	518	37.3382623639602	58.3407509197083
5	643	237.958537673558	294.408018836904
5	256	393.795411396676	713.653204591097
5	503	257.566509058497	493.317353436199
5	45	415.25393363333	746.005544459842
5	991	381.997397954575	556.103655848364
5	193	310.512955707271	404.609855671218
5	218	96.3120719782599	150.953314124318
5	211	63.4476761750168	81.8578904022984
5	56	293.052065784602	575.308978367608
5	219	656.958194040208	896.19545033636
5	123	458.246317005831	837.12023104799
5	6	267.932074415466	400.378432181561
5	142	523.756528076602	996.214116606811
5	16	56.8406424554254	102.356278094911
5	993	36.2992981813379	42.1303997933562
5	180	21.5352382494766	37.3606095020794
5	179	501.45839348969	644.664959282181
5	69	498.554986341184	544.232405970615
5	70	90.9694595965415	134.293299879408
5	675	500.248100905795	984.029021243334
5	689	48.4004583956676	87.7866764584677
5	710	486.281008077916	666.66639191519
5	203	396.531278020484	603.286016059787
5	270	499.266435693608	603.487286467709
5	629	23.6145396892049	46.70606019676
5	849	202.840051270481	270.995482816361
5	793	431.97571893594	659.601204028355
5	127	214.659209496649	338.177229100761
5	393	26.8739020889038	41.2807699983705
5	101	156.815498048354	293.136732566639
5	639	177.184961943042	272.847477184942
5	24	147.614434919606	231.753222770249
5	787	255.343290701203	369.760179338647
5	965	579.08303435756	906.259822718538
5	174	349.188973740297	570.342038665348
5	488	67.5239726968687	73.584364413214
5	465	42.5727125455498	76.0008239487635
5	374	241.13113638206	310.213036156299
5	425	67.3958259715679	115.041338777675
5	10	226.368904746309	439.397355429033
5	997	345.418579380689	415.334156162619
5	733	389.664937638522	392.041376394052
5	784	12.2963315282466	13.4230706419843
5	455	244.686257289111	343.462831725602
5	538	342.333515449582	390.12532310259
5	642	376.494328872531	626.946287339364
5	5	356.914205723402	390.004328384536
5	735	462.200863814075	485.946148581242
5	14	486.853943600717	633.253060799373
5	298	57.2602354396415	65.7071015860341
5	587	130.298121404042	200.317855289831
5	779	17.9310534675285	24.8500015748545
5	290	208.866650164997	295.740696092529
5	969	33.2451715056064	35.5480143119453
5	87	327.191098875921	601.2426698193
5	81	93.7678455280922	116.03812237619
5	721	133.86575114162	156.826778037667
5	413	109.550327153201	114.094106219551
5	509	391.682175335792	689.631660180087
5	250	121.95098688358	162.054838303881
5	78	26.5296150094502	26.6810538761252
5	136	126.316736147886	165.378731996148
5	54	609.634358452463	1138.58141590816
5	986	374.607643133312	529.381347664973
5	606	251.331141085052	438.993201490067
5	18	74.4080157118887	127.239913471769
5	624	248.884634959923	347.966610188748
5	189	150.724040052259	213.608273089418
5	223	677.764465690946	1153.58638221511
6	15	25.0134103577646	39.2551952568312
6	13	21.6122870597114	40.3903103582387
6	837	365.392109819405	598.028759366361
6	10	281.700652189413	386.744107274818
6	19	470.062532257783	738.560114281348
6	6	304.452248237306	553.943618200683
6	14	125.675070786697	179.906727215018
6	12	81.0067114313164	154.287606471418
6	701	480.484754062483	620.092072917329
6	9	180.747769843204	317.291173466968
6	7	237.486317617579	370.64892287796
6	11	208.3721419528	295.537313186911
6	84	39.7003263513093	59.971836772845
6	8	116.951221124712	204.651747170902
6	826	18.7467180046936	19.7177653754892
6	581	23.8653052741966	43.1296804149077
6	114	42.9483854039332	49.9509411365289
6	815	370.317144452742	662.943875306301
6	5	109.392662932813	204.285546692353
6	31	74.4253226115486	138.911309085372
6	2	127.670621266435	138.679198970882
7	71	213.018015272458	280.779104146667
7	39	11.0598852192331	21.0765113269252
7	461	66.2002767139116	98.2071675000272
7	87	449.40454238998	761.675046724746
7	60	14.4213030642929	21.5040455184877
7	110	116.637959509454	166.107385616939
7	2	37.836703015881	67.6744596793585
7	125	81.1546332520222	83.4515707624942
7	73	218.935566221799	234.5926601495
7	67	240.344180938948	424.200358293292
7	47	227.426689254784	374.108706094932
7	95	313.786835994472	448.222671745215
7	25	284.381293219226	514.840170697215
7	10	44.983141756143	88.1988136035109
7	19	206.090171685484	401.890789451211
7	92	71.1819020841186	137.965774367573
7	7	223.792212816324	388.691587831458
7	70	106.231113012988	188.603633548042
7	36	37.746663864584	45.9557138525357
7	62	299.455689843491	440.790728866287
7	54	449.20576399714	683.536867464868
7	93	287.40424308805	428.845936869352
7	26	258.592214081712	414.70090707068
7	474	27.7006436012223	55.3844164984398
7	69	216.555700936613	347.865067081237
7	128	433.889361385205	524.010278475523
7	542	619.787955983443	927.49046987818
7	66	102.860229548467	185.343418240118
7	766	42.7515860468855	53.3844871216441
7	94	130.064798295994	200.573445167968
7	677	189.22399023046	339.197821341794
7	21	167.458477414892	327.019639141661
7	122	209.958071500975	305.658535623466
7	1	16.9069365323088	27.5739206644324
7	114	336.791888951693	616.58597858687
7	38	216.50568614784	417.760553689851
7	42	541.546759787736	684.098632499026
7	120	24.8839235677775	35.0067941432444
7	96	455.292591196621	766.544943416272
7	101	15.1352544553276	19.3485708320003
7	733	683.182780793022	744.361749633412
7	102	321.035267281362	519.367668035267
7	119	162.950614516135	300.453350326694
7	49	64.1082427157593	113.880496342027
7	116	134.142957571495	173.964856867508
7	15	113.506185712994	119.068427687319
7	40	77.1764783725033	150.285142303505
7	8	213.342258538745	302.923740506888
7	551	291.473563567956	536.31407987412
7	75	38.2618847900358	62.9576696483188
7	897	143.424578905303	193.170453936692
7	445	654.187345054088	1199.28299454653
7	111	679.977167444293	1167.79746654732
7	98	17.6632056216072	25.7922246504304
7	53	50.2298816667078	91.2631859924583
7	104	113.864099312976	122.606513574428
7	113	69.0973986718326	70.6869440664944
7	968	15.3001972312574	15.3469376912571
7	37	176.222588234685	343.733395450289
7	80	18.4482151714378	21.7190030587391
7	81	272.589403780452	390.949129140451
7	112	288.809838746586	519.702699837888
7	13	70.9911341592628	140.203433477935
7	989	42.1376244426415	70.3668628251768
7	108	559.69860030231	867.620946894517
7	115	555.472101378009	952.274701681524
7	806	238.327477323044	428.060599026245
7	109	334.924219429923	390.566166259656
7	74	516.348481531417	520.806683417551
7	679	44.2015133556917	50.6543143999015
7	6	61.6632081510793	70.8342350556129
7	58	203.261913538567	391.713486214046
7	61	74.1628787220283	78.2820940882999
7	596	70.0679240883644	94.4579210107232
7	84	129.677596179618	133.085236076726
7	344	440.919904366564	633.856222032852
7	20	343.954187973381	673.625834844237
7	640	222.645622744526	399.507440981678
7	99	229.897625511464	315.992323979161
7	28	587.862339277222	797.79054853838
7	51	39.6381536301403	65.947501209604
7	52	30.4519395467136	45.5369731326778
7	978	67.3402235816886	118.825997467737
7	97	49.3109953661035	98.3236864908389
7	265	63.1339582303231	105.574171553711
7	177	578.938638242399	701.850188937581
7	254	39.655013312425	45.893217236548
7	124	186.545256862671	344.948744159619
7	764	389.091603484979	569.281328349362
7	662	376.12685198855	387.336451068004
7	656	47.6735502172604	48.3415112250754
7	603	183.268754704049	303.199853248456
7	56	241.077252620401	273.1057666958
7	91	300.443087893279	583.210126228503
7	962	523.302862316977	534.531507902343
7	45	88.4830441109292	127.698271685716
7	31	10.6433877649919	20.4067850367742
7	79	549.077836051154	854.48897206026
7	873	37.5585784444393	58.3730611273926
7	710	208.506978149762	268.427829025752
7	24	46.7359545625448	47.3404012396361
7	721	482.442723766175	574.528757577411
7	33	405.535130985796	470.594800351081
7	78	39.8563981153334	73.0066337655331
7	644	377.469179589054	684.7075951747
7	35	64.4806184943209	123.920459926876
7	123	287.99043140979	511.518722964667
7	446	690.893757967695	864.113170057964
7	130	15.8955728830283	28.6257356788098
7	979	454.979765773741	736.150560777632
7	157	261.130448098821	431.199423881505
7	231	407.464565065906	783.885047582745
7	364	183.458623940804	274.10006168408
7	46	66.8525154184795	81.6186116588589
7	55	41.26484543144	76.8353628113156
7	30	110.481157891676	189.008334149105
7	380	162.157035261466	315.224534592702
7	645	70.3867054308703	85.0513917993364
7	64	169.92208691869	262.55427899573
7	515	441.348196468944	832.607653375649
7	424	202.736814733938	301.225199006237
7	735	69.2462685663469	120.02185671825
7	485	36.1795389960425	62.7370828094742
7	147	195.197315414062	281.625750227456
7	17	365.135892381489	413.506595874046
7	18	245.809102589641	309.102398874319
7	117	374.035174549574	700.859972650687
7	447	151.902299074876	195.865809555216
7	869	116.135144641686	123.719479265853
7	465	54.7988549726078	75.3829356140472
7	229	51.5632251377978	100.028448571519
7	103	121.781699378873	200.781145310996
7	316	10.1643699282614	15.0264792793901
7	747	34.0243446440549	61.3831412076342
7	88	251.1364162062	283.29575823036
8	39	154.085282393771	164.352278553597
8	19	26.7987381558859	37.9305982726053
8	53	31.9869281612276	55.7178250632012
8	16	177.68160569979	280.461879958014
8	38	232.652969032364	441.521077428815
8	34	369.22262604871	638.666455662606
8	43	166.90987991258	274.542827515582
8	51	150.674746213795	268.496365247722
8	55	41.1077147685493	74.9637869105134
8	48	475.332077354347	636.522452390613
8	18	164.203330761848	168.345940594623
8	25	212.976348643646	282.703348506758
8	7	190.967215745229	236.967984795305
8	45	126.779371226104	253.373648592039
8	504	222.045393899104	422.804232901867
8	23	101.836799820809	176.441352716739
8	13	92.1986138327972	138.213294764511
8	709	18.2339732918115	23.6834340057665
8	32	290.864954039857	467.47980148282
8	15	14.3234276693889	15.441496181275
8	28	431.706823711613	432.785591993936
8	54	346.453702701467	427.992468734492
8	363	319.384737733465	458.309708728164
8	50	334.204658645766	432.006045160456
8	11	215.481105307807	393.966480832804
8	37	409.147624918794	676.215512923498
8	658	375.063315043255	572.293472128962
8	12	75.6030901743113	138.056950253738
8	804	288.894565204575	367.946409316477
8	592	177.983030270777	239.604419749293
8	612	472.266165566755	615.91979669617
8	314	37.5428073907005	64.1708347672795
8	832	129.187374306464	174.371527233238
8	111	387.629232465583	451.460857817504
8	302	80.6325586655329	160.541154220605
8	33	244.020268713134	471.048946063397
8	47	337.457242816434	642.900666818359
8	9	21.3213348292379	35.1088623813174
8	598	178.399599395413	205.120830571007
8	131	47.5931849598853	77.4355681334016
8	380	570.943042943693	1113.46773584246
8	29	111.455847139217	146.375252324769
8	26	152.845572752806	260.443346691973
8	752	79.3030282209176	157.553491478965
8	927	16.8837406681309	22.1038296709826
8	121	42.2820325644138	82.5928773145495
8	615	10.3908828740897	19.8484139967282
8	842	28.1685897615592	55.7347117616113
8	31	246.562941432261	253.391904681481
8	391	239.957636916059	240.589450464602
8	4	26.1024235496774	49.3638997490614
8	8	116.044800213559	124.30200234593
8	740	590.526274583548	975.852044219474
8	697	95.405915657713	168.564826172115
8	40	83.5045573546107	85.7126637733093
8	214	340.326443587582	355.943174242068
9	80	288.033057465233	330.912006716046
9	78	403.578046184768	600.310427220267
9	92	101.544618699488	137.458890064078
9	68	21.8817433374383	27.094279136328
9	93	134.818355345548	234.890365223387
9	35	23.5406401071421	36.3988327640775
9	17	616.619454157827	1219.76465073854
9	59	186.767066236011	284.934032171947
9	61	213.965022804199	336.473603260298
9	100	51.6926458523109	59.8811014750051
9	25	117.814631370276	127.357523992091
9	1	170.047491323691	248.055605240639
9	97	107.628047325475	153.072629852427
9	105	35.1725184932223	58.2689176120567
9	27	222.732023557989	418.708830873912
9	65	23.1529068831135	44.6247511106847
9	230	541.372609585231	966.759710620423
9	306	25.492555224566	37.9410961676912
9	54	59.2032578481376	64.4284655505782
9	57	218.132259483045	312.087983016732
9	8	110.101618288132	199.838166356504
9	58	161.684770853112	269.794111535977
9	34	426.561844848358	507.052499107119
9	229	163.57800116836	192.50814809436
9	84	333.467352732768	557.886380492534
9	38	19.1445692391808	24.1060342780613
9	53	636.904172003225	753.80928595567
9	726	101.305311897446	118.922946390275
9	733	35.1281525516548	59.2476125604094
9	55	26.747288626501	32.9473154064532
9	335	738.013372521854	942.612732681697
9	91	583.270830256525	1024.61284372454
9	20	410.845376937578	706.726070728033
9	18	165.089414944448	173.573818494678
9	51	282.620899714819	325.565721048158
9	101	306.340248990962	422.708402282384
9	32	158.985135090065	172.9363186352
9	10	49.3004583787641	76.7052322139755
9	13	305.181111747018	392.088950353318
9	60	65.2950087540294	91.3564970933665
9	969	24.2828191361776	34.38846864577
9	22	11.8506091608902	18.1697199681589
9	36	250.168868284751	270.14439224135
9	74	214.788510610717	333.92802806155
9	312	304.866295260781	507.2932083107
9	11	36.4448568529658	58.2371817977748
9	83	105.969898372875	158.212234389992
9	103	49.3678959092907	93.6595883820083
9	566	587.256964242671	638.113026067205
9	339	214.942481553621	225.724091540896
9	3	41.3142183918106	70.5759503834988
9	15	12.8216855418038	19.7495687792193
9	88	340.243393189387	444.156295527758
9	739	119.81127854195	214.930916301811
9	262	20.1392127033971	38.3054250466139
9	182	121.487517378986	193.13244043506
9	63	252.433161124323	278.160515402524
9	29	19.120952334777	21.3993846751579
9	30	37.5569330880218	48.4757010144701
9	489	261.399968078081	294.84755241166
9	50	365.903110939033	368.39700064126
9	473	126.424810724996	163.390304628555
9	967	53.0671510189153	98.6890675032604
9	107	283.446344327855	400.434806058325
9	69	343.016300590251	398.584559722015
9	852	477.201513691433	504.827298114668
9	79	225.279197204988	372.37610521243
9	72	64.7726266383066	111.190197591819
9	5	260.653460994667	480.013198174351
9	45	55.0013465196832	108.723203453287
9	96	85.9871421395741	163.39602213556
9	75	32.043461525833	62.8923627015826
9	765	70.0838322951849	91.3928207581545
9	809	266.135973632865	376.645548779173
9	48	150.5706144709	250.290326121818
9	978	119.884190729765	232.965429154772
9	776	115.218612609999	152.150843288528
9	56	42.384056760177	74.8856847125186
9	362	509.194365936888	1006.86220578771
9	62	651.317218799757	746.565268817454
9	44	289.801435969678	346.635207565911
9	4	488.954172193517	794.271736979855
9	24	15.277692227288	29.6473926687299
9	127	147.124617104011	221.478321711774
9	947	81.154146316533	110.597272193186
9	753	43.1585503672988	77.0379348322913
9	374	40.2817240661391	44.0157576896515
9	87	283.411970514065	480.828157469876
9	542	123.069426156147	207.723753920923
9	624	78.7831632065508	120.922871542704
9	2	55.0367940790191	75.2151039501608
9	399	37.7502690524563	63.4511677425495
9	47	207.811586799944	400.586373548853
9	249	58.5939941283287	112.245750052087
9	822	128.630510441321	206.582326390779
9	313	26.3529193673064	41.0566961504968
9	41	17.729081943505	29.8136159413456
9	26	121.044860686196	191.721926699505
9	154	156.737937943422	211.769874244086
9	137	75.5155491388941	126.885605011495
9	43	223.033692426064	353.156184331572
9	76	773.875459390634	1449.87742053004
9	85	26.9057920746998	28.337346033945
9	64	215.296227016159	372.557618122534
9	66	156.421030393532	267.011783135116
9	73	408.690936109839	461.13513169624
9	39	445.803263515608	617.693604164703
9	33	90.9976118965995	152.084820801197
10	7	139.470278068665	216.011895917749
10	5	253.231228388488	318.334727100128
10	4	247.317142655289	471.499560000792
10	10	42.7667298171514	72.7415579371104
10	6	277.027549640754	476.938449415371
10	2	352.894315457388	602.427248076123
10	947	136.883745410425	213.987894932596
10	716	14.5300452641817	28.1797974301571
10	489	30.9376393304847	58.5960709691763
10	9	119.842428509073	120.441278792532
10	221	76.2125395220763	124.997883717147
11	117	427.334799614425	833.16500055912
11	81	534.294548181954	855.329726900217
11	143	113.315971181409	165.239198546754
11	112	109.175590192515	183.63415753592
11	80	483.262716036878	669.55045262327
11	36	103.196748484483	199.185536229272
11	147	80.8811666480644	133.86593505408
11	64	332.250779199996	578.868144747386
11	105	651.29720669859	1159.27962647261
11	12	222.624448036134	285.588370780429
11	118	251.698098197904	471.067653213291
11	72	267.31090756008	397.660317449643
11	145	364.414649801056	522.693772114499
11	100	109.805233420713	137.317332627474
11	93	58.4143439048968	79.3507599346477
11	163	71.2300251076138	96.6206637767919
11	76	504.154377802347	876.767182481962
11	160	195.196122382393	386.879686654721
11	333	189.438101881853	208.208650115762
11	66	201.919489994142	266.915200789184
11	802	476.771947909506	660.633594849607
11	26	140.433402696826	227.944237745021
11	39	128.04814400107	151.08112386184
11	56	203.95521117931	404.541345808522
11	692	34.6779603178976	53.6824599965353
11	82	610.964834951314	618.271070393387
11	43	78.112903790601	89.9445273965629
11	205	28.1519334903694	49.002232034713
11	91	226.421736443146	239.933219325473
11	98	125.514578789712	165.234387312766
11	23	129.87583016645	161.370973449813
11	334	71.0389637486259	139.519433334216
11	139	204.767288842596	341.169604558184
11	54	641.267666536974	880.896592890437
11	153	197.835545216145	291.150626642403
11	13	112.096714098983	128.166281796962
11	821	81.2379303803844	111.017461837176
11	19	60.1369678155226	74.0630327189454
11	58	121.370033838493	214.75900269424
11	42	104.143813584067	107.878841498674
11	32	234.361196194944	414.753344529022
11	214	334.083791474851	563.263243508693
11	116	10.8177137080662	19.9562551508451
11	10	78.262581823516	86.0221184619926
11	71	183.411314505344	322.036625287132
11	102	482.078337545543	726.566042982554
11	74	83.282422040255	147.488241254442
11	103	304.648257202771	548.687594325951
11	883	58.850443682098	80.8390877033504
11	87	318.122531954256	540.296774224038
11	436	248.065273897753	344.016120557368
11	47	211.18888648096	352.750717955538
11	142	53.2235920332482	68.1287294020526
11	101	491.240968870577	620.22366466499
11	109	110.495326461035	208.88640560141
11	33	30.8445715964048	43.4587601093032
11	30	205.616810417556	354.794165131985
11	154	581.119592348635	614.4901155713
11	156	108.62512093439	189.983578488484
11	8	272.087987993419	373.667774877138
11	159	564.003861133942	973.477338727458
11	288	23.928178906873	26.5859049959551
11	149	44.8830207525208	81.1456903741747
11	402	132.145298502476	261.361862419897
11	17	174.766043728574	339.884586577689
11	158	196.738367745065	240.536859072548
11	115	153.044587788659	231.645411807421
11	533	35.3388964847377	40.5639667476749
11	37	115.79493281096	145.113214066824
11	152	119.423413408652	192.801995210431
11	5	300.064889102739	374.927228862226
11	859	40.4075935307926	43.2331792565224
11	172	557.970683989101	1052.34254225135
11	6	342.19973657662	551.094030072286
11	803	145.334331982459	267.191822764555
11	11	117.777365558677	139.31010774945
11	170	64.3484208776375	77.9345692609341
11	4	61.2053542589794	116.010787566575
11	614	290.327827974375	455.543347696681
11	322	404.285334427043	758.886712426405
11	141	55.0821242947514	67.8281961892854
11	320	153.375168863393	260.18844017424
11	2	429.137425973144	690.094971132554
11	867	115.200657222979	127.63292513592
11	59	55.7277242344468	83.9054203871508
11	990	513.730777256065	1006.91718730643
11	581	182.185707929165	346.906688495078
11	463	213.732195516924	377.038712476441
11	404	311.872816483431	463.944484417723
11	53	81.6225552738749	82.127600191324
11	493	30.5693136707737	37.123989059824
11	545	199.236613598297	298.850871015804
11	470	73.3664425981075	75.5017762735014
11	94	84.9217442511216	169.234340963249
11	135	179.397949994261	282.527429654647
11	429	63.6188709999523	92.6686936584592
11	126	18.2884778456243	33.7696994121647
11	818	582.204869842252	687.224088158759
11	60	178.060144154849	259.148931652816
11	24	331.008268062029	428.341329221445
11	44	627.160446156357	860.608106866355
11	97	112.083895899394	177.752678887062
11	88	56.8240659971834	90.8898516217329
11	236	89.3876783919463	116.54431437772
11	496	103.929155604881	147.007048469164
11	46	180.070415466125	302.71066094084
11	70	348.678814549315	472.038632824415
11	133	45.7093208002436	55.9444219847923
11	553	468.513764025883	831.024556055926
11	387	92.2939779946087	169.683110272372
11	952	260.668718543215	330.830140230954
11	79	437.833561249466	441.628214820879
11	443	329.702428350552	488.93148987825
11	138	537.610462899139	730.470720812676
11	106	29.0044293641133	50.4965237804193
11	930	158.827910579195	175.648392617617
11	380	590.758527013826	685.663593635008
11	168	99.4034572660008	160.080469740042
11	132	20.1340628872318	30.2381767708304
11	314	98.9832250852991	125.317607337529
11	157	284.441384752487	535.662184420416
11	28	138.429571265555	235.712464223213
11	488	13.9884811765461	24.2533286706143
11	61	48.7655917032462	58.8628142740164
11	282	111.778341160053	137.371188706304
11	673	29.5407415458657	48.7210125514163
11	169	125.233103171565	143.97544072093
11	612	473.214216841019	708.719922188171
11	144	394.497845072531	681.322819945352
11	124	95.7020780936359	172.080266919324
11	336	86.0695399130087	88.8442022543452
11	85	375.371927424042	440.886964704849
11	767	203.4221180237	303.54974108837
11	104	552.676093221957	639.124884487205
11	121	198.877326615098	349.835811014085
11	225	548.880461886004	804.609795464175
11	317	388.225148416229	766.535182076188
11	319	170.347240048622	247.010282412198
11	151	88.2525618021621	152.724156035772
11	96	12.3397317018079	13.762622927341
11	3	728.324951372261	1435.78840912167
11	22	133.95699599197	264.963211153262
11	746	504.574016999721	862.40310229851
11	823	213.464973193344	356.094076638292
11	517	159.966895975157	260.550274283891
11	146	81.1804783582596	100.337937940322
11	21	14.2206883524641	25.5350141153521
11	31	444.981131338971	643.887402558083
11	111	146.747969412593	213.913971734846
11	973	238.406619759932	449.970297810039
11	625	362.042189495658	463.915449361227
11	972	365.978650901457	515.770027556366
11	51	86.4590998797021	142.566612217478
11	363	74.8693937477047	146.044637655
11	909	272.620802332936	395.302125105899
11	184	26.3559537550229	51.7606769419373
11	108	29.2524244195094	37.6625267414679
11	610	200.286029829777	349.926354945488
11	212	126.009678926323	130.761429261168
11	20	16.0519965966474	29.4435315299071
11	65	65.8709379685442	123.33961855854
11	872	542.86085634579	983.537728994817
11	171	117.507048310948	160.047667907885
11	86	537.850341543486	669.996528812274
11	127	384.453863627489	561.768835327997
11	249	25.0149565273965	35.2332579937041
11	162	584.842604999823	750.061627246965
11	552	74.4719936025664	142.376639992881
11	73	274.867908720331	409.893511066334
11	83	590.855091474417	662.740252662584
11	568	143.574014864198	234.167143925367
12	8	189.681525230259	197.502775010041
12	30	144.099042422184	184.796760146146
12	17	223.686162218771	413.453653002579
12	29	10.7107354349972	18.4687490301574
12	20	50.528580104247	80.555323883419
12	13	23.0177367911757	28.8740696645364
12	662	579.731927600564	1035.01170667607
12	28	154.004076530227	276.570332773007
12	16	73.4008110777479	110.916295114602
12	14	190.458104937551	218.90785391509
12	861	29.8330747698588	29.9502514084779
12	25	69.7742884605072	135.483544981805
12	27	31.047939944569	53.0865153220254
12	60	10.2246989953447	19.6856782259107
12	362	257.196161418779	438.736356156133
12	528	60.4099968310492	97.3083989397866
12	115	637.116722736562	1187.36452841241
12	763	182.757807202059	252.393978054678
12	32	525.22627925278	636.381744161976
12	39	201.494697322834	218.831227426428
12	346	88.0176919065498	132.026180437647
12	1	230.632111151066	348.632203611409
12	5	21.8106000152466	41.3296776617224
12	7	59.1551219900861	108.036026200488
12	876	74.0132800452473	110.45408530156
12	3	407.705170798909	786.524161299736
12	11	115.399089502822	218.096422352724
12	21	24.2146209265174	24.7704125000556
12	263	186.178257028655	267.347408465699
12	26	224.910570563241	281.597092623866
12	104	32.4712084608484	53.9474682601147
12	88	13.456065019805	26.483688837398
12	647	155.968733387985	220.408887733089
13	121	401.429512895844	615.447183821766
13	131	33.8962949588412	63.2620478673719
13	184	186.684805481082	332.085333886952
13	42	38.2193824705758	64.1077733301354
13	191	71.8886445108283	120.105030676468
13	78	475.884567801787	677.487904073423
13	24	370.561245925054	405.1630746212
13	28	165.365390103946	169.561341245228
13	197	547.245023390858	615.461790617971
13	164	17.5640133971181	22.9792415472233
13	9	85.1903935648456	144.292415423655
13	210	217.1874758169	368.512330052943
13	188	271.523772246448	413.312098902454
13	196	296.968988835332	517.59286877622
13	206	112.22757894277	196.291018481841
13	966	301.517371833565	440.185199029149
13	43	300.68404318657	477.60269340818
13	201	659.592647989091	1061.93112406232
13	626	472.786346420546	476.506919516786
13	90	46.7409424794563	85.0253630594363
13	702	509.666316996639	559.542786878993
13	40	39.3303865330901	45.288679447701
13	101	425.087613409892	567.511716672488
13	16	405.61294538696	500.47119734134
13	167	154.959640550874	171.751126299746
13	199	371.818001919341	710.995833965611
13	116	69.9997808467596	137.570013192529
13	614	95.7299619436869	168.969838758845
13	6	339.209183573355	374.839749184459
13	139	64.5427420649411	116.211455974846
13	315	400.568183930855	620.357736809728
13	62	547.159812818821	895.276882119599
13	72	392.365421532823	495.342218239436
13	36	56.1919039283841	65.9149367628845
13	15	619.281354014427	734.592357925196
13	129	156.825680503075	185.188528288805
13	66	457.86281518818	805.609233173222
13	145	171.940622092197	282.357983592737
13	29	59.2424395066884	70.114877283518
13	54	110.879555579684	141.721605649624
13	232	15.0874026143399	21.7782761492644
13	106	65.9459244035864	92.3931638285615
13	585	153.041891273596	247.060655973335
13	172	162.673358050954	241.859825958475
13	50	534.894863762844	542.654233776857
13	539	33.3013213627512	37.4152808378062
13	14	197.746956966234	378.851955157152
13	107	324.219884638777	646.791031953511
13	79	103.404666848203	179.653376534076
13	171	503.662632906187	684.202927540278
13	160	172.404318257423	198.952086447124
13	111	53.6434223622286	88.1920741094478
13	163	163.915293316317	209.542490725068
13	37	180.474489349627	289.625845352106
13	379	534.519291496612	807.791387067336
13	3	68.5742771725982	122.636592321118
13	439	204.325236172101	357.446634851187
13	867	127.433224514794	152.129884554892
13	68	398.682806707771	637.476713065253
13	245	31.571692182483	62.7894247760657
13	89	70.9137130141788	139.490699651299
13	119	137.505364440151	274.09331574884
13	203	511.81042783652	582.333913580487
13	19	279.738136693713	517.460299790789
13	113	14.7058187596061	28.013149968684
13	148	41.243720916679	44.9436076199123
13	86	43.1483034534139	76.8092286751471
13	753	200.690223670886	382.574552853104
13	366	232.979248931622	391.490426079763
13	386	705.909763405057	886.721394434997
13	454	77.5232710770905	120.078761746533
13	147	407.773900791897	805.229412604412
13	26	74.0297402953867	100.537367479268
13	63	16.6811896910338	24.7293722051453
13	650	170.399702277221	269.523170075323
13	231	237.702841169994	262.394771061579
13	855	246.50013354863	470.634264317408
13	175	470.588708612411	769.389209070855
13	48	482.133601360085	523.754290808474
13	18	62.9254480809557	109.88708945111
13	135	13.7505181411982	20.6791068366811
13	123	140.44127022449	188.893080145966
13	189	21.3566771901011	33.8812093051111
13	159	271.923719345556	387.225948996637
13	144	213.996819144113	290.992246857956
13	98	270.557391545995	370.176072945181
13	69	675.678422045744	1056.97299681716
13	986	39.1593610100259	62.4304844127777
13	989	86.9862295114371	150.659713927039
13	27	81.662138575065	157.659710283121
13	484	23.1822337420575	34.4094233184927
13	76	276.715837926937	425.422454537078
13	255	24.3954211382174	35.5693615206948
13	194	628.962374915817	937.115877828375
13	104	12.6201816492808	13.4319220279649
13	198	144.536555319343	203.524755921852
13	118	219.588853989536	427.867382629437
13	81	231.95238414032	355.276871653426
13	168	38.4527010556556	40.5840916491412
13	75	44.4282981974205	54.5497760721138
13	95	370.287879441068	487.607358923896
13	531	110.80930738375	214.798688197071
13	654	592.736117179848	1002.70093216186
13	584	65.9174857362721	118.705706838694
13	398	196.147150483982	375.560776196934
13	102	294.509378423686	535.295534614704
13	738	110.332950838065	188.975780229079
13	421	29.7508301901402	51.1658553727671
13	308	10.7328970607989	18.7071612606067
13	11	60.3587677899556	93.6914902866677
13	155	43.129261958473	78.8643108643825
13	828	94.8525528506621	185.094105975217
13	177	126.395717248505	235.609047074353
13	200	333.06038975439	356.643787980211
13	31	18.914473354311	37.5584936011572
13	185	234.724464974238	281.249632300116
13	67	313.043150428237	384.50048310599
13	99	424.958390552997	537.717166541785
13	195	423.913277312142	439.3362176788
13	32	581.600142570026	754.932146639107
13	137	106.782284470639	123.861999522051
13	94	371.125671239163	459.203788964928
13	190	352.73000829794	362.00641496598
13	749	210.080074072387	221.909243983704
13	510	120.023338533017	206.814734205213
13	77	69.2563700951898	110.721408221786
13	128	323.962972593477	568.067907070033
13	202	229.770740910792	307.59996648076
13	141	400.035140323935	701.659256420136
13	162	263.949632432288	351.507853894461
13	112	213.339296482196	392.63969117396
13	336	743.095644288275	1328.76958459688
13	92	325.510628042515	626.235150832825
13	178	240.708270034617	444.227051200281
13	208	77.9473713938833	79.6377558621091
13	53	346.497099030063	488.977321114216
13	125	59.284870987425	95.4019032138069
13	157	35.9374284101359	50.0032579075861
13	760	481.644519569187	692.567922896365
13	55	453.170812876043	512.66948447769
13	850	15.8081922390536	28.9085760701702
13	97	565.090020531365	1029.23413433593
13	822	90.6356205207462	110.424123335052
13	176	164.073384533205	286.105477967633
13	170	87.482130223644	147.974627992942
13	761	12.128171204649	19.0550027668126
13	87	397.352393212427	744.993854231204
13	890	346.074311686714	550.269948670745
13	211	418.367116000674	704.124329040895
13	923	192.656097580053	231.711660347424
13	542	398.125796595647	668.429804861052
13	110	182.320069749057	355.952875285621
13	244	592.397824831958	1120.24372873239
13	821	168.810127335978	328.850574252942
13	173	373.786788370361	739.060574639435
13	138	609.45493268755	695.028980861876
13	180	307.118464103024	309.371411212951
13	329	25.8242858423964	29.2246088485484
13	827	343.868532084799	389.351891361804
13	411	276.138806816255	307.59569730581
13	775	711.802554301826	1145.14603906586
13	71	102.080948656463	174.787431211993
13	967	640.407462361458	986.760803760452
13	384	127.838172848261	240.785201950952
13	153	75.9204272059353	141.359588345767
13	117	109.928397079896	130.937416324257
13	207	384.647734399255	507.8191097075
13	309	30.3564481513372	41.4446145573609
13	181	86.7731653995687	144.959179497614
13	946	178.854543094921	208.217804999979
13	151	654.140661622463	785.613741220736
13	158	49.4335582737967	53.3196976056559
13	132	369.093484345867	706.150069762639
13	632	25.2950541466917	33.1704409149426
13	33	387.15104164423	599.829693018545
13	56	173.002229764593	264.646325258247
13	212	252.038998998254	298.437211993735
13	136	178.690488392343	281.66308774084
13	65	596.769085185029	724.952383465624
13	45	524.219955217196	570.087142456444
13	52	160.124122848326	314.924469826118
13	7	399.415794896621	498.940404190891
13	729	39.3715747317167	64.712603632777
13	80	149.880976460819	238.095117904056
13	865	116.917914283889	188.075261231415
13	57	15.393227513597	23.7837584023574
13	532	507.79286731118	647.19255687568
13	862	48.8420136677297	95.2135418763704
13	25	90.1958473013695	152.25750607663
13	357	201.89644773579	237.625281293128
13	932	736.051503907447	1266.45572630259
13	258	46.2095559254333	52.3495045489905
13	352	351.815510191869	593.421061560834
13	491	54.5531019598959	65.2375056839991
13	64	57.4585568306309	106.303143797032
13	20	473.115492975859	557.128563421136
13	597	113.37677809567	213.128924734951
13	612	413.095173865135	428.566076422997
13	945	21.8441041572225	35.3405457328559
13	768	35.9468063236898	35.9948792619429
13	39	108.87603008136	158.868540880859
13	469	93.1651442573243	151.212125721309
13	893	15.8925480748958	20.3899832498733
13	174	61.0188850360079	114.720070520024
13	834	348.168501527127	500.836204387443
13	997	181.82795673042	196.822427127619
13	638	43.4849903189973	59.4166785234052
13	154	168.822547761641	320.546051110767
13	142	23.8797086355648	33.9675089864777
13	246	35.2410822283668	45.9322332298614
13	108	268.187473303726	347.56388963032
13	192	144.37398048042	195.497165610172
14	23	28.9890201217444	30.8923168508792
14	5	21.3466386549858	27.6206186685544
14	31	120.421205956685	197.007505027789
14	82	70.3216928757362	110.666520254848
14	47	400.953060496577	566.063202587218
14	4	461.243497380634	553.001522094505
14	71	135.616964206852	154.627086423022
14	3	297.819099892778	580.524987166768
14	1	268.047400644537	503.023485753765
14	17	54.1963394448144	98.7277359395456
14	38	108.51041304111	154.250004658163
14	34	389.486694722663	492.348702306331
14	722	10.3763513827586	16.2438872869079
14	97	177.452586095525	210.563401442102
14	54	54.7733873044017	61.2186315042642
14	93	134.33731829251	227.260458048881
14	79	254.280581588056	275.151664861872
14	405	453.743179887879	834.816270247261
14	918	253.415645502236	472.399015867685
14	2	160.961688464955	181.228551850419
14	32	124.687899547018	172.540838785628
14	7	341.019501508688	576.333782848778
14	65	192.939144757082	328.767701653765
14	48	257.958216787296	446.218081183634
14	58	19.6828348849354	23.2654529581448
14	99	162.94572977952	220.811875003458
14	74	339.588576606283	616.801401268948
14	667	277.775090494088	335.625455385861
14	80	233.819853115743	280.956949562136
14	39	252.181984391148	414.643284518845
14	37	395.209755299245	673.014192488808
14	13	37.0961935664975	50.9935380976987
14	70	249.848309464682	494.236300831971
14	163	562.970593335559	638.968226096767
14	67	78.1399715389777	126.706842785057
14	94	699.370849352968	1394.14558997754
14	51	512.279805413578	545.773424871365
14	183	279.273301428777	429.465062780123
14	61	437.019135089134	722.041338827752
14	60	119.177825576243	171.817444389809
14	9	119.318113491553	235.225111999131
14	49	485.994469314811	777.075662387222
14	6	237.062917151518	249.290272974056
14	445	481.01599834441	822.297270149553
14	881	49.274551716761	56.8899087971608
14	11	129.650199385663	154.231289247695
14	57	274.12012017291	406.46471134416
14	827	25.1071594818994	45.8143277543896
14	526	10.4012364202185	11.1161235703493
14	98	184.488575548161	268.841178123223
14	10	270.130191992563	312.304138354185
14	77	189.112104977999	368.706183442287
14	46	37.0180186512964	71.6931654200176
14	26	477.389337846725	616.442102700948
14	510	415.743791957267	689.079613273984
14	956	428.912012406584	514.368209908886
14	21	355.764397908824	644.988650967852
14	20	477.734167022972	791.512359760616
14	40	374.89702018625	526.8955641578
14	503	61.7533567583903	84.7105608115319
14	87	51.7379539337652	69.4999928979518
14	350	17.0629741289015	24.6354716125179
14	877	354.945547958345	592.672820270214
14	69	248.392389126305	252.959035100375
14	324	36.612571213214	47.2168537181435
14	25	240.040089310631	479.684826174414
14	63	436.862434438831	595.720147200521
14	538	27.401097350475	49.1968239591126
14	75	388.742075347687	519.749715686671
14	92	492.266469158356	612.21640123356
14	83	597.039832517058	599.085537036545
14	869	70.1755334568096	90.1679439820662
14	81	476.867890049176	838.224479638578
14	66	118.178120308173	159.791857315642
14	361	129.400674658548	237.334355196759
14	347	407.207698152497	734.173211540555
14	466	320.72043994708	590.651569120735
14	30	29.7172982086042	51.7770669986076
14	64	498.587871563429	888.08818037819
14	68	543.443458748722	948.025871775448
14	312	13.4436101398634	14.9491335362037
14	984	290.143773010999	325.547058015047
14	981	253.315245994979	365.388560598612
14	12	37.9314430262574	38.6522885445515
14	371	362.955877447015	621.309521620472
14	22	16.1536967531562	21.9238084285381
14	50	459.133191559991	623.116093837984
14	516	186.751792583033	343.469494102983
14	73	54.8301917197323	106.004869359745
14	401	15.6702842962324	22.684426514126
14	15	65.2500310145551	97.1702649355387
14	218	279.782417743366	384.126067510684
14	59	223.110617857944	417.811109113746
14	811	162.843935493307	302.884853208815
14	16	484.604954551256	523.141976349143
14	193	93.1507592402169	173.993240779573
14	95	271.768971237246	403.798034599244
14	674	536.892714756957	775.572578204548
14	865	306.199798177089	515.385952113584
14	14	121.361693091393	183.658981560464
14	86	118.737949435943	155.030702594025
14	33	16.9763865913155	23.5427691872559
14	55	40.6475141219085	55.2407946369494
15	18	278.552294702992	545.620280369165
15	32	49.3002685086337	81.4368734181604
15	5	87.4189501071437	159.362620477319
15	15	345.194110025276	398.075100297614
15	11	240.522041005326	423.358738875898
15	39	173.379589681225	284.2921468977
15	6	330.93617579012	430.955886327873
15	14	158.254972247526	308.635666419201
15	22	333.37446935632	463.254555699193
15	28	309.317430485653	378.92123373408
15	47	518.769420789913	631.474717750696
15	46	19.9964498528263	30.9445859033587
15	30	71.9456301918	81.3566550587069
15	9	217.746242947758	403.166374314808
15	48	211.950370003446	256.636397373564
15	7	69.8021041489216	131.122134732533
15	23	137.903190864205	206.803073875556
15	25	30.688483738661	45.9765182752766
15	21	71.8242891793252	137.286160223054
15	178	384.112438342586	535.024445157549
15	20	40.5009938438893	77.2291492743332
15	33	529.104322341785	724.821430338162
15	434	206.531696290025	269.205518390696
15	4	305.606515072569	568.08064406583
15	38	52.6801021432877	80.3867466387948
15	2	301.6965849007	549.431391864384
15	36	80.4822579205419	122.228368424767
15	777	95.9551166677639	174.441367034118
15	487	257.767741676778	466.210777456664
15	530	103.914784557146	166.052160156343
15	16	67.5623536336061	67.6672697541676
15	414	322.938474871655	394.755957125585
15	27	245.684543087932	281.472977241049
15	85	510.870928876508	547.804683756111
15	43	314.138573969779	531.767360669548
15	485	79.1499709939351	93.8540769969365
15	45	648.905931328845	1021.97064298101
15	218	254.779857685687	309.887811961417
15	102	67.7756753134428	78.9179997887402
15	17	195.520117408373	381.460513095982
15	341	647.870563118658	1205.04888651497
15	50	113.330619161637	143.352835216887
15	632	464.901784198779	775.343723034316
15	42	15.113814312552	22.4490430170695
15	19	373.399381587002	418.694630119608
15	93	258.94436802759	403.34972851583
15	747	112.30233175927	150.694793327255
15	3	410.03038964422	783.838008708599
15	1	73.2177866432899	81.7651935876427
15	953	29.1868120092837	38.4895143015023
15	860	106.377152390022	198.323162530835
16	165	121.445930159393	140.910031602936
16	195	21.5537323344283	30.9380440426605
16	18	377.091734980276	616.116515058526
16	70	75.7803231178691	131.991275193006
16	223	29.3184982022822	41.1388005616617
16	126	249.703801894888	291.632905255522
16	38	192.826046823909	269.843144499764
16	29	377.03894811498	479.492239866318
16	107	123.374168492562	130.064485424566
16	155	299.144541351658	593.733899629585
16	140	23.6175762925379	37.4641710026454
16	23	135.173781188751	200.331225521382
16	209	534.482101457418	1032.77242741461
16	27	180.223355814919	330.475726465765
16	30	10.2186491057364	14.2851575180136
16	113	38.4105182971854	59.7509060030601
16	160	99.955993527526	192.35398649601
16	111	14.4993943965525	16.9262622846093
16	112	44.5803206621578	49.1201498280492
16	196	53.1836448019294	94.0706421785039
16	3	44.5168336790599	63.6799235857871
16	939	143.511648296151	274.228362255255
16	132	396.526233623981	693.629791697568
16	19	209.822738696738	232.210703844361
16	117	391.193359718282	468.793831605172
16	114	33.6679167387392	53.5474963316884
16	188	36.9857657919572	60.5764009279972
16	85	20.8153991637823	21.8220469963623
16	56	134.319323259554	210.021471902691
16	214	572.358799415342	815.092122340377
16	50	28.2409529845421	31.544535754082
16	141	139.852711106582	212.844084660881
16	84	267.481550547053	492.178806838261
16	135	259.789638905688	271.259605385933
16	175	551.925685157034	811.735863158108
16	21	166.667642482402	253.286475802595
16	137	207.601938528289	352.324324987303
16	913	105.063072453748	126.773716469936
16	989	51.6083499098236	87.6906691287934
16	2	35.2839665004443	54.6583618209964
16	358	303.542612102601	452.849485967231
16	161	247.945831882742	456.321463143837
16	10	45.9014597478795	61.2894960679236
16	210	155.16494609656	240.586114407678
16	26	504.429156582071	706.286424184151
16	105	513.738355981064	839.142168404447
16	581	82.6722862574608	84.6592197058173
16	201	149.72049132349	230.532595134063
16	12	146.507847326113	153.246381046855
16	238	594.436452272086	1051.38627843505
16	17	61.9736905516934	121.302853204816
16	183	10.0999134495388	17.3730359298482
16	36	337.299117523385	472.920871806291
16	858	430.526680305845	812.430474864311
16	6	65.8954601399114	93.6598125402525
16	198	137.029661975349	255.624475372336
16	193	177.331258583503	279.28350915853
16	122	15.4568685928624	28.2723849276692
16	153	182.558628601282	269.752118553002
16	164	271.786223917169	294.927929197638
16	51	662.297832529665	1321.3875717026
16	390	109.652056065692	211.653158580531
16	955	72.1143045626182	97.1647656382609
16	62	489.039538048692	533.962723492214
16	233	199.794137659387	228.802623097854
16	156	260.970197418225	410.497481815007
16	125	10.4300981990202	14.7019324282979
16	312	346.439063064027	419.108367306072
16	228	177.845368366151	335.007719161029
16	98	331.349802287924	544.971106812246
16	83	50.5468630485921	87.3838219948559
16	69	65.9234355063752	122.741991338612
16	753	52.9478538888264	56.4628922195286
16	158	204.588347404538	383.266196799127
16	169	266.163338575588	518.471864981913
16	147	58.0261988346587	76.3360946767411
16	168	158.208343157642	245.895742927258
16	99	130.901580437041	209.418879422112
16	844	86.4976123471268	119.931014931397
16	133	292.346071897701	431.788160337676
16	80	97.2926886255353	109.168835812226
16	33	214.554668133871	412.486364124482
16	8	52.5480587564167	80.3685147336532
16	31	45.8866808451184	82.0529490115325
16	224	302.572923539473	362.86408523397
16	110	123.744931744758	239.16916141481
16	463	301.826069528156	392.939280049994
16	54	259.874487893597	281.683220548539
16	162	98.4870902339402	158.155362938561
16	138	452.885773734602	463.275817400412
16	186	32.5869125232971	61.9437129041272
16	996	48.3261249360284	77.6191387506875
16	574	84.8466249307835	86.7189690007401
16	577	361.141689025397	604.170101917315
16	221	453.144201569792	820.741388996971
16	76	175.924187719787	210.724112547162
16	182	73.3218262192429	120.453327081331
16	42	107.97971697337	128.436111623628
16	7	194.229437652616	197.924016478166
16	134	434.683952375168	607.711499370795
16	724	16.9489380628564	24.0125475875657
16	79	96.8563221054414	111.273303390848
16	61	164.988523005968	268.086877450968
16	130	275.445721472355	392.189697685901
16	355	99.9247103510074	133.565162249154
16	388	55.199821239896	66.6008550259661
16	216	266.205518080483	279.913436983687
16	721	129.924942529725	225.482274862684
16	346	108.382138134158	113.228904748617
16	925	169.963379502279	316.669540732631
16	225	343.93281647653	437.442605370515
16	157	29.8897587889292	46.0469934785498
16	75	12.6140790412268	13.6718464709483
16	226	661.238119851443	1185.81237188825
16	472	602.665911726964	1040.28190322938
16	39	21.7620931238691	38.4205894578882
16	52	97.7219660467105	175.909089243774
16	239	194.927508954391	236.334327803009
16	67	141.738979352982	234.301022717696
16	710	89.4005913754928	134.038146998916
16	706	102.19870903166	129.436339493264
16	215	75.0292812292601	129.3276612327
16	119	314.227823799116	378.017440253668
16	123	78.6951952533308	148.156203661395
16	674	177.337692772661	198.43671266564
16	146	326.799566473719	521.572703775427
16	172	48.8194112753586	87.7755125592482
16	185	174.027290538432	213.502844888716
16	20	329.552274700977	444.952505874117
16	230	648.929866030314	965.25524238929
16	63	120.784160986908	151.307816788418
16	712	121.543619649738	184.830632928945
16	868	627.226344180399	1230.54596244593
16	24	414.9239621651	693.136520925263
16	177	560.81083798586	969.833862561373
16	237	342.380012437413	659.68925724114
16	97	388.076359940728	688.686167947981
16	124	34.8823041393805	58.3402359982791
16	96	206.644343863541	413.207515574861
16	187	38.8360303700138	73.019668289748
16	943	33.9835556032991	47.2519637839861
16	653	175.64574100666	300.255982239969
16	181	65.6024629378703	67.8574123824082
16	286	25.5624146459449	50.8233915629022
16	94	220.958986185006	243.910995325008
16	104	71.7542103416073	82.4392394363317
16	405	334.879951992016	619.239245595039
16	293	190.596835682447	292.821330657014
16	78	433.205732840675	455.416733090351
16	278	208.154036970881	283.796995981157
16	109	255.324225074297	357.161596090295
16	16	218.797815656661	286.983324564099
16	275	32.1013488630305	56.245076377342
16	102	71.198612003214	92.8598605985101
16	686	104.278978471308	179.563069129093
16	87	667.487821766402	1153.46250296473
16	401	30.2326042839478	50.9326812385401
16	959	611.543698870364	1055.24210683981
16	554	294.748023100546	411.618867007818
16	149	117.867720446488	185.690065255899
16	457	202.854637997623	304.419908221767
16	37	87.5649856066168	90.8201363269937
16	176	53.1737613823143	83.019715213383
16	82	82.2826541365509	104.380663232073
16	53	217.756539382393	217.969856935164
16	191	218.284927921502	236.324065762888
16	72	160.262514838605	221.475493588633
16	900	156.019458971927	180.548153347698
16	929	427.231061664518	653.367650824532
16	924	43.8384684430614	75.9289806643797
16	108	42.0930585298189	62.9835269005559
16	396	603.596172709761	950.320563225917
16	189	54.7366518665741	77.8472734425951
16	49	250.585351932601	434.46844085838
16	621	15.3131179363994	19.893846905036
16	44	243.030553391683	420.526064271634
16	690	125.055626167476	198.538813554031
16	179	253.909558503846	344.029938242625
16	35	578.451348934998	989.746949064314
16	840	218.134595607936	400.284455720394
16	116	582.335930766229	720.031607408473
16	817	186.163105505129	315.217942035297
16	650	312.180926307189	354.719417930309
16	417	177.854874484173	236.217356089046
16	349	79.2272558236622	146.424030224871
16	74	105.21541961246	126.118899742875
16	148	458.656181884304	772.484545206091
16	503	57.2163261804806	59.8731027647835
16	11	41.4508995299465	68.7002169125656
16	171	141.774612104881	274.349254200797
16	677	112.716357244512	181.026657981939
16	129	28.2879533308036	48.4122626136221
16	212	121.054533499318	184.243580537665
16	90	223.801950688382	274.037517794581
16	232	182.319218037799	297.704412151747
16	167	221.211388083273	413.255973255463
16	89	226.708052875804	432.472439188876
16	901	258.679843453076	393.445663191664
16	345	21.9192485594746	34.4115510680992
16	407	375.446689985435	576.626212288396
16	867	33.7919811763763	37.1509349548005
16	131	344.038440306689	668.085493924335
16	969	436.572521490311	669.094944129867
16	630	502.723777067719	509.057828860705
16	610	82.7707730158096	163.355304859585
16	46	621.589895883384	693.347761122424
16	535	40.0993071850852	63.6366843869074
16	439	56.5049408359942	83.0987053993047
16	323	66.6908151464028	92.9262025309166
16	551	280.516566283776	436.145667817271
16	333	285.402524979973	409.5670641668
16	446	72.0703608608201	142.643462651748
16	669	192.17215479639	270.195245846688
16	838	76.5990785670462	83.7045082876274
16	378	249.933189749221	422.184943937625
16	25	224.196304843852	244.506988440462
16	750	44.0390848992574	62.0088602358399
16	66	124.402981429083	194.664761038216
16	406	660.332961199029	701.365492442335
16	587	373.417238981192	699.449185568753
16	493	192.490731849098	300.455416759836
16	9	439.395363293307	584.455209089829
16	144	174.67177018927	308.703950615453
16	55	40.1528619253788	45.9872926677022
16	32	108.072704173658	137.706051642477
16	853	45.3495856166582	59.7114586497388
16	194	21.8521312753913	30.89909212683
16	805	561.053261595803	909.038287327388
16	921	102.429683015882	109.458198240566
16	821	230.624308041588	347.319041691059
16	71	116.614506088949	151.453375984012
16	739	351.029690257287	504.955155241277
16	235	196.557256158701	213.253245224196
16	59	49.8080367514901	91.6775628808469
16	222	111.713851495513	149.86935189061
16	14	237.560338348877	356.719709754066
16	421	31.856053173475	50.5148941086499
16	760	25.6956491711064	39.5286151336027
16	736	509.235989706235	520.600274091273
16	270	528.630049782167	788.132541564966
16	203	360.228846795032	673.115542395403
16	206	496.585426987887	740.809409122769
16	236	24.1774774203903	43.450703901206
17	25	30.168870661952	55.8960821227838
17	51	299.505634323464	356.18324844571
17	18	169.650969190361	187.238878740978
17	3	293.077586966137	560.424960908981
17	63	372.61029412719	376.597231037275
17	31	102.047822439134	167.328093917594
17	59	140.435219009144	178.150178488935
17	785	640.168892485168	1241.79354726001
17	44	101.372987344569	141.460189569757
17	33	19.0730504095895	36.0292478339964
17	52	54.9494033385764	87.12274460654
17	60	181.002252069303	301.641609844215
17	20	263.407791369319	409.372014619675
17	934	194.870564303766	271.687473457168
17	9	47.6674664791988	63.556230234084
17	37	300.276589200495	418.285299904571
17	13	19.3046106325018	29.80924219093
17	41	293.284794280904	316.244285435026
17	740	521.459834325807	549.719966810859
17	80	66.8095145378306	107.032196432956
17	38	61.5511874815222	82.2281531145704
17	12	26.6856777391795	44.3189500040314
17	303	120.647028519608	187.68916906403
17	15	271.326131985675	323.558701398774
17	47	75.747733296709	85.0159276392796
17	79	298.367456454955	496.713066408476
17	659	206.520149115715	231.55568487483
17	50	76.5460168656642	151.481908245833
17	8	38.9338892129873	39.3444979464877
17	71	708.749468210037	1074.1211977551
17	5	107.301218841365	168.033529517324
17	897	357.259388968935	504.941847796616
17	17	354.420394455278	617.945448661001
17	432	346.621100838585	491.662515167132
17	30	507.919641397856	600.261209161765
17	66	148.991398904934	254.488077373788
17	62	76.0920149805453	111.732482374005
17	19	53.5523104106785	54.2648660714736
17	566	66.5867054614177	117.319717369139
17	478	241.893861486527	291.746601525356
17	235	143.905563719527	172.253733904717
17	42	244.070785761844	474.110365738304
17	69	669.265184912488	1233.64673090904
17	340	125.332202669853	216.354239518829
17	68	406.632016829509	504.513581756907
17	242	198.478764758668	275.844492902112
17	612	115.552591685463	170.319189743278
17	859	460.379422465516	857.766531338966
17	46	45.8806591201018	91.6825364786067
17	296	48.3384057433989	82.1902778246777
17	58	98.276463827247	154.570723809322
17	40	531.996353509834	882.197012971912
17	10	354.341927601184	494.958635525093
17	73	89.1947263708313	89.3283313693174
17	671	58.87194410659	116.761140235166
17	365	50.240722374637	89.8202663689704
17	64	32.6151459862549	63.411780967746
17	114	60.7628683837889	62.7441740905684
17	221	223.402523944807	251.677665708373
17	561	66.6753374099151	78.5306401999356
17	2	232.533167639996	376.924905151518
17	694	329.650429369719	573.560199312382
17	936	80.9385505113464	158.985179114954
17	907	37.3826805545868	58.0914282880351
17	39	90.9290950209504	99.9838976507872
17	961	12.6451649822505	22.7736645953274
17	1	336.451741526114	371.062502758987
17	972	541.671602943759	784.01260017758
17	871	159.007920651235	245.930647260107
17	67	372.773027084196	668.438422958785
17	70	214.622438542835	261.684090498878
17	65	294.321259634719	521.958379244178
17	701	63.6267105506857	105.588467814532
17	453	402.124522386177	430.448413726649
17	833	67.0894729216068	81.2795254708269
17	459	25.9970709867762	28.3482631193026
17	7	312.55107399195	392.379022303111
17	55	27.8669615545622	49.4324920972909
17	21	564.858739815121	627.810793516588
17	291	14.1627326980991	15.072586787424
17	29	496.768718186193	501.556097776446
18	1	170.141405975512	289.762145377837
18	73	113.819872634867	154.019675140945
18	91	182.045521468877	294.657045572983
18	81	32.733790026388	51.0843681789364
18	47	386.153054862354	648.742610466312
18	78	131.433937595894	193.23403074622
18	52	210.949606817658	244.858562777539
18	14	38.1423709206946	53.188765283301
18	9	373.396215309573	650.660510677823
18	119	447.480573666971	726.264525703166
18	62	39.8379259248441	45.8592533582598
18	97	389.003706445454	762.145862969024
18	102	404.116996241322	511.553875757224
18	329	193.648935863585	300.90327968736
18	95	166.995626004876	203.898148024482
18	11	136.992778614626	188.788668593474
18	108	40.3180238652593	56.2420249158308
18	54	200.147415811265	387.064723773696
18	38	112.868501580259	191.046836923942
18	6	362.180298837917	464.136433396409
18	309	73.0758258342165	78.1306521138048
18	64	486.447404412761	709.451334313334
18	22	130.717266053295	240.145483104281
18	48	243.624167104077	335.279333955882
18	92	182.160762686823	280.431670523291
18	67	310.431182199824	482.154695813453
18	39	82.5793091643505	88.4533406308043
18	70	63.8623120998323	102.105294361179
18	898	393.69100680281	605.784952641755
18	37	245.19505579313	313.783182440597
18	112	91.1438787799067	154.635969366277
18	920	53.6265379021068	70.5958138945748
18	33	268.35194540599	467.477958627746
18	914	325.135839541972	564.830743358696
18	582	514.250267085736	869.006736287593
18	8	51.4419015168407	77.3512096991903
18	76	62.7614546947933	91.8911616754358
18	450	144.963943460008	163.271314876862
18	68	171.344583189741	276.434802568139
18	51	224.86656855739	273.632270967783
18	45	111.01045055362	126.554265955058
18	104	724.660736692446	1138.95299346113
18	43	105.885251918754	112.674694521059
18	69	151.915834299249	257.995879650587
18	49	10.4777576459934	15.4960890201851
18	98	184.734506210654	273.829809172149
18	15	83.1606211066994	142.737782450308
18	60	58.2212344460288	100.231222648531
18	72	273.310142893489	532.384471463899
18	84	238.537516592321	272.752914508004
18	892	47.0553010083061	79.947531439777
18	547	72.0867150286616	110.791117330232
18	23	281.775997599483	504.560301236593
18	164	45.1510108332853	45.5760732129983
18	809	24.3554521744863	47.9547271379975
18	839	49.3994406989773	79.6537713813038
18	75	52.0571651999174	69.1208107933127
18	103	462.524649353011	479.888776429821
18	87	366.068738875943	454.173911827806
18	101	352.611908320157	421.490999020341
18	729	58.1470082649714	88.5414358584419
18	90	149.91932051951	253.079427374469
18	40	422.193705442452	510.206323428919
18	859	49.8349189012474	82.5453841840855
18	540	10.8068299562702	12.2091902000641
18	473	61.3151534466609	87.7456197816693
18	53	658.633281558116	1193.84275527877
18	12	156.457281013232	173.589351583246
18	77	13.050677687419	24.492251833868
18	61	368.861901041987	563.547655584372
18	118	85.4460107034287	131.13896938027
18	110	310.872052205201	370.056494570193
18	94	27.6612202626007	50.0739417684886
18	71	313.771344520976	437.862306982288
18	34	59.23721766902	109.434896898127
18	44	476.085342274553	683.112115967069
18	115	282.806566557291	399.103032274496
18	773	25.1505531618141	34.377714165426
18	198	100.341808500393	193.834601283949
18	977	43.1952226204775	44.3422683126618
18	722	186.318644354268	190.118065035923
18	694	225.363231580408	402.66615088896
18	155	66.9070538733653	93.2834743896115
18	173	17.350082627195	28.1718739493585
18	393	226.369836900555	452.274172916154
18	229	40.4467784103224	62.6456113487049
18	804	388.294069752234	403.123670033253
18	85	113.761589204316	162.99476047794
18	117	137.957642756848	217.854431833779
18	79	216.551559523005	221.639938751613
18	903	107.010738745802	210.408123627719
18	148	16.025659953256	17.897992360573
18	511	105.992001008239	169.260674211133
18	28	626.493999376657	1245.16590327812
18	66	120.474627721344	202.613436061894
18	5	441.738185714808	621.381063479806
18	829	627.26523444488	1172.22402231186
18	406	48.8716673780566	97.6705937717747
18	25	125.31009191615	181.915108108066
18	751	274.360146273095	474.395666813332
18	778	224.778878287309	376.625283694735
18	96	431.081868527961	703.370721515583
18	222	112.954237032195	156.723576035482
18	29	69.9109510480943	102.9819640016
18	20	105.022168471954	124.297177020936
18	403	146.477917489818	276.091602629837
18	100	67.3278563699349	107.391968042426
18	10	91.0993373878763	158.164508076801
18	475	107.816678829406	122.970636185832
18	661	384.946351157011	758.826196831914
18	82	387.791022837065	736.750444790013
18	583	107.437301818019	154.423202557971
18	659	582.877497937473	995.425581362645
18	921	482.432199259024	486.538578164214
18	135	140.68288694773	232.312456294996
18	74	233.044428745305	311.042126571766
18	3	208.918372595179	294.259954037161
18	42	203.795324248632	382.549627818174
18	36	47.0739783561202	48.9514748751558
18	660	33.0008367849518	35.5467785120673
19	121	32.5108255886057	39.6387787937658
19	107	547.336456071276	852.606035786201
19	168	435.59361898787	840.261926100029
19	56	42.2697606739913	82.1521430467479
19	79	239.872393882774	299.969067085867
19	93	65.5688120464649	72.7241906680436
19	124	488.12525795406	960.936986438012
19	147	304.349896371993	537.156399920212
19	115	216.504984222122	244.12499065216
19	36	204.060568322456	290.319802185177
19	129	392.059785603573	660.853707973317
19	53	211.885867637529	405.901669235081
19	153	90.4898425715462	131.170994027998
19	194	238.410974006826	277.556546101647
19	3	35.9070053146719	61.877916797032
19	28	540.889519998287	735.64685844042
19	20	251.285805460664	368.470185298795
19	164	108.920944826175	172.708299526383
19	62	39.2114566700586	65.3139751628801
19	170	332.039658380691	412.134279258453
19	30	147.75264669757	200.189006518508
19	42	216.916615613232	379.074880159375
19	94	24.0609214799762	27.4202514861822
19	41	141.734253564726	261.36694955597
19	195	124.971207774231	176.904554079546
19	4	26.0654542073912	41.8674501871277
19	123	87.8051874599444	168.111105434655
19	44	185.52728093021	287.446785280958
19	39	179.083593741098	235.988293460547
19	118	67.4459163814066	120.526175305479
19	9	498.157284114117	828.671725245637
19	621	235.392385919295	415.332465172502
19	154	349.256583163169	658.855264779748
19	86	186.032644223437	320.325781401738
19	742	83.9934474602311	158.530108960105
19	106	536.364664121235	836.090835663336
19	190	11.4288272910886	22.4708467422666
19	51	44.9204251705298	80.7042787326359
19	74	75.5677282966523	108.492239883786
19	113	248.65101464775	350.773697718187
19	453	571.795619398726	950.838920428636
19	155	84.5923341101	134.998836728236
19	199	373.541734467978	603.09280000111
19	32	24.8418065555588	45.508557923835
19	98	300.069769681464	519.026493412451
19	161	93.6260301301377	142.172462248423
19	18	56.0033174045399	98.6530416711701
19	57	41.5591559249718	51.1179049998186
19	737	66.5202243190818	74.228358040628
19	180	113.751515781857	157.618860054572
19	270	296.579045094354	350.58001531503
19	335	486.367494326256	522.994008621931
19	770	202.838384475949	394.426513781222
19	157	104.554051079114	178.536505333843
19	67	222.138690302213	431.771888244198
19	198	279.470223105266	397.311486602186
19	401	349.337763546192	525.950081568066
19	166	130.265604917549	161.389233873336
19	89	54.4805143244939	100.79406730523
19	95	434.467066656084	854.349962658121
19	88	40.1201898749546	55.5804929114387
19	26	39.399283169489	52.1195626456637
19	372	35.9922583517582	47.7389358824255
19	80	222.944830415279	297.391358502496
19	887	326.798763152118	635.490598408561
19	68	531.446888387877	710.953796323349
19	29	468.765802126734	872.977921530027
19	16	503.522399113757	775.916764066609
19	187	32.4757432194779	60.7396447106948
19	75	180.802799248976	187.909712314394
19	91	249.547057073352	477.273120220986
19	133	458.290960385134	486.43430783415
19	27	137.155140250528	203.164949917547
19	127	320.153985179101	467.88786091382
19	690	417.033570810702	670.902544375067
19	102	168.594912427755	227.450503548732
19	48	82.4519845761601	144.486779504585
19	211	27.6463843400806	48.8455263570307
19	99	245.3994677837	440.014469746158
19	136	23.1142454599562	41.5154229462287
19	146	601.942307273365	900.50187176046
19	183	19.4846572249591	30.6856745163062
19	682	28.2919202550742	40.4732342384558
19	362	430.906781972343	611.733613865738
19	21	181.158288243766	358.597501457328
19	142	198.971478186069	203.769154842546
19	904	16.5783307773892	26.3944612725625
19	812	364.554823629816	583.56859909146
19	172	211.134346243522	322.84443342854
19	35	23.2328942363304	24.7221941733092
19	122	160.616788713083	186.578000090935
19	125	59.3287007311958	80.8462402011903
19	13	30.0828064624606	57.4287840206702
19	25	17.8161489841603	24.7442438747441
19	163	447.494318856157	746.97964236995
19	87	34.7162154618261	40.2200606738837
19	333	59.5415739112262	64.1147265880989
19	131	247.231583865467	405.519977667257
19	132	214.38202227763	226.917850977984
19	403	149.030099056209	224.288022719622
19	65	395.065788370122	581.761242614184
19	292	216.198964481335	325.940322333848
19	860	298.539930538526	512.990939447618
19	78	95.5742936793595	145.199252918494
19	34	144.821882487657	196.311719991003
19	458	238.023989318416	359.391153633366
19	184	243.206714819747	342.551929464075
19	204	135.987765748048	193.716073146268
19	794	459.520271892436	746.228261721793
19	90	14.9048572745662	16.1894117704569
19	696	711.870642479449	1127.00224881559
19	931	272.099879297474	325.130315397488
19	43	285.15659542715	562.137820333503
19	24	616.049772549444	877.99273111728
19	7	343.768280163299	418.3332164388
19	429	181.81865401511	327.757825702856
19	949	342.447690269187	510.621116279079
19	140	45.4028244546628	63.289649428774
19	105	80.7841709371583	129.477178943659
19	950	42.6986826437985	43.2065563138762
19	58	332.885298856946	548.674581420044
19	130	34.1193104759414	47.297996916631
19	479	217.284619789237	262.052768176438
19	77	36.4669698520875	50.6423495926289
19	506	47.8488891245094	77.1779673291793
19	185	170.021064263778	274.420893681516
19	33	46.4176748704248	87.1675078726242
19	552	123.9508240083	157.617079591151
19	227	65.36929297185	123.714532858687
19	311	334.523835677897	611.806319074672
19	14	105.627979626706	155.710756517743
19	698	195.698717743484	292.455750092
19	675	558.895178083747	767.788107412658
19	6	221.619740807274	284.22708546049
19	49	12.2874990246666	13.1691802314792
19	169	22.3151116102539	22.550586035654
19	17	65.2965499066266	72.6207935291968
19	156	260.332971846374	493.945944688139
19	488	236.131888880456	240.838361485743
19	641	146.813428035385	211.146428601385
19	120	57.2937855950062	110.407394606029
19	471	28.9977429523122	42.2750855615998
19	73	662.814058889083	851.446112831904
19	348	50.877831535357	77.4631109894595
19	152	57.7507241939896	101.915224596973
19	108	129.302052431415	199.374999357282
19	660	24.0731328344313	37.8196300085609
19	167	72.0022445516671	109.138389968983
19	560	134.444111610038	153.664654552367
19	744	370.350275252178	400.469478473061
19	521	474.810680923895	745.330615905731
19	428	126.424430839449	231.578978995216
19	117	358.595749544257	592.279156170369
19	160	251.70846215296	450.679156226696
19	814	185.999928008765	249.949552925351
19	103	233.56170690598	376.457833176419
19	408	152.508197850784	274.329221546922
19	337	35.1336926655535	46.2326421181006
19	100	156.967877346542	263.267459797843
19	23	242.21871048781	481.973556648604
19	81	180.860236552945	204.428554230599
19	197	20.7184060750149	22.6887997787741
19	322	69.8256912128188	100.096959345914
19	505	281.310656261309	527.664843571297
19	104	33.1457156236962	59.4947415809508
19	63	73.879026691373	107.154021568841
19	181	171.953907582887	195.619103596151
19	565	396.200644745585	414.495800381326
19	72	630.798931467719	902.423215378209
19	365	332.813773529052	338.078183778133
19	784	274.84640477544	535.016509238801
19	262	43.0648699053865	60.1375480603648
19	608	71.620826940807	73.0929605091623
19	852	114.858491808576	178.954322131699
19	344	64.1850938336854	73.6608886548112
19	2	173.809143768535	220.166955575809
19	223	104.019611295787	137.802249604591
19	114	175.880700361859	351.685431230592
19	176	179.130954905008	273.203103588692
19	61	157.590839505005	271.709208138519
19	189	75.9600643091649	114.899259210672
19	317	244.998202954884	352.967314106288
19	196	207.345462278624	326.470249093131
19	797	539.13986220683	620.258918799466
19	644	400.334110082748	784.61431291067
19	128	200.552394480236	276.487003677302
19	306	407.626971382008	666.987012656418
19	148	131.168188624628	202.319998715529
19	874	619.133241842097	1083.69069349099
19	178	117.053227027437	186.4872667648
19	85	54.9327357173584	82.5638563929029
19	159	17.0668294164663	30.2019754285052
19	5	201.385896072437	292.609816714109
19	10	525.417598849823	746.90264957945
19	66	193.839303657803	322.550513643626
19	288	71.8769957641498	123.793705950823
19	275	321.444869881703	626.057774334369
19	364	303.150412505097	329.16663118829
19	803	24.8722156131976	39.3660396256594
19	260	143.124405586684	246.53250528641
19	19	165.736316257499	235.120631685119
19	228	247.796654000318	281.734390986029
20	90	135.923937156761	255.357471305798
20	111	70.6291396322796	101.20784155594
20	37	103.063934501756	167.682045363486
20	21	260.266046682962	498.740412225659
20	15	12.5039869139455	12.8328611828947
20	126	403.366183952599	437.107953246643
20	98	175.203805961741	271.4232111262
20	26	243.269912709142	474.099365682445
20	104	25.208280370202	46.0998338952515
20	110	24.9783726851355	29.517681836395
20	161	27.8034260821545	53.1299682172257
20	114	95.7950970306038	181.942559349057
20	129	132.301272330015	188.498664039647
20	745	519.931227004589	888.475802356801
20	153	44.7243226388117	69.5051139692899
20	170	75.3589751316975	139.020903064661
20	125	30.9505975222916	46.46696626637
20	147	30.7086638206191	33.9004851833112
20	163	111.450475501572	146.562638599691
20	112	77.4445116694293	83.4471466402005
20	120	588.208149404362	810.824815194941
20	176	544.881426540614	559.225209600918
20	46	90.8043911013773	176.479544828213
20	81	490.792089568354	774.123620267238
20	97	68.7727369027085	86.2085901884492
20	7	304.187265041371	598.751238770223
20	77	79.1804238810113	123.11894678789
20	34	58.1665046569735	76.0252391389453
20	172	386.208933874131	388.313587528035
20	119	608.602526811232	1100.33914427648
20	56	62.1932961122102	102.181324699442
20	109	86.621364033139	105.54306879547
20	811	235.202325858736	450.933905653304
20	227	672.799273095466	1328.39020041658
20	576	178.211660090001	316.468379567598
20	191	29.1224786653754	55.874084892903
20	134	733.815115916457	1247.56460870229
20	139	623.466092649599	709.68755903656
20	51	99.2783773715041	162.489935593486
20	8	42.3098909260286	69.9807879951259
20	118	610.305230741066	893.327607933852
20	135	38.3793330240898	70.1829103309318
20	64	20.0184636460703	27.9655551880535
20	93	60.9269742173734	65.8006902213142
20	519	34.1460216157818	37.9616770355553
20	73	321.565790971539	398.659759128013
20	17	266.891286457838	453.865369570118
20	184	407.041139256694	700.524277831687
20	23	227.918598287701	244.803757665286
20	87	736.458646586378	875.762477324193
20	168	594.278819979298	1134.66502005212
20	654	160.320120423716	191.400950393057
20	524	10.6861512477911	16.4808253032482
20	45	16.0944515360028	19.6995042738495
20	329	43.0501708523604	59.2941120299225
20	128	206.967311369706	262.871748194089
20	76	14.3495084253836	21.8495186735668
20	911	124.840442881845	186.187855663284
20	838	42.033839349185	48.3134444681725
20	86	23.4796943834423	39.8533889861441
20	146	24.7678809891305	30.4857204023038
20	74	420.476157327404	733.033724287612
20	209	463.715402102897	599.284449125836
20	66	146.833953071774	229.134580404868
20	644	39.59191379584	65.5804004536469
20	973	65.9885071301779	81.7643821574185
20	31	155.385423510049	262.917479365752
20	44	622.72661331842	699.482280103804
20	11	70.8244741153086	80.6283511915848
20	154	28.8844762979469	33.2994592268033
20	54	35.1247492363326	40.1170928372772
20	144	73.4285987640864	112.055980241279
20	254	141.016239096884	210.177095161552
20	88	70.9013374358887	85.5023593650488
20	710	24.1475154301839	36.6421059184649
20	106	315.380266835625	385.138577630002
20	164	104.213122154685	194.233318951572
20	75	334.795731366517	533.510494708334
20	136	18.0671485797815	26.9700605800675
20	178	200.414585167735	338.117069747723
20	188	171.587329284096	280.169741427108
20	115	173.545194737867	335.374461669499
20	325	15.9310609893552	28.1106282007784
20	138	199.694496192827	304.556899688234
20	82	16.3511915394809	23.0303862501915
20	472	694.099707995122	952.080387489061
20	169	545.440603849683	992.301851523896
20	71	391.956804241965	530.200603297824
20	588	86.2871149723824	107.574919281493
20	179	247.876539946011	354.457110450739
20	829	726.796719385682	1020.32125446877
20	186	104.903579227116	180.36521014137
20	105	415.001750533004	428.440348725434
20	124	303.971284499844	504.264055783795
20	606	252.31023712005	416.471511550567
20	180	11.8553471047689	19.2940864268073
20	719	144.2845181256	146.989621689101
20	42	25.4754535427668	35.1368666688918
20	765	187.236888878623	299.500822662063
20	284	17.0262747989159	33.5838907311604
20	181	373.961962893588	593.772660384973
20	32	142.563422477135	267.19478876137
20	160	619.448844735254	1169.16831646506
20	149	23.5722141207998	35.3576385806614
20	177	160.892862771122	181.08476475592
20	143	77.7082855392752	154.378116068823
20	192	177.483228869961	347.188268526806
20	649	73.4421547574187	121.54560653968
20	613	154.872200835437	161.258099283574
20	547	105.690732198158	120.823267604532
20	101	633.382645525682	1172.55966691657
20	99	564.730871121739	823.501906182976
20	982	541.891120282417	943.383803218383
20	116	18.6319189046658	35.8258463751548
20	832	155.522542265021	208.480778934903
20	36	414.917997096161	709.427088856569
20	313	392.768251940034	578.9594894489
20	593	11.2400046630017	21.0496679524512
20	84	196.931993138479	335.085849091615
20	130	124.961231590696	149.334691572607
20	151	71.5821385241962	133.821425947979
20	33	135.923561325261	249.670834488727
20	173	298.815974695057	558.211695410212
20	157	38.3268283374267	39.0523226543774
20	280	60.3201500206814	70.2377081927606
20	486	42.4697331164357	65.5531479038166
20	449	11.2397181192598	17.1562288837742
20	19	57.6852459514911	112.655140419513
20	637	419.926107692498	738.000768713411
20	58	130.703190677195	163.845136822241
20	9	198.279372172095	299.596700274076
20	167	404.352052234277	489.410690208346
20	988	32.475161476282	41.4715727247737
20	68	200.226613847644	284.111278489511
20	187	65.829469941477	126.317048097644
20	43	22.1828208920466	35.2764341637501
20	132	194.744710584518	319.75375253081
20	4	22.9037822554371	38.0614758026793
20	59	214.258943711062	363.735101400118
20	971	234.660088030463	443.441556311224
20	148	259.562980434654	353.051560439829
20	57	18.5432327443469	31.9001122128943
20	16	127.766256682932	170.531397218206
20	158	275.717236679847	529.576585134017
20	35	432.671086305134	678.621012762659
20	131	25.3025103934587	38.6386588328989
20	859	141.796179177145	209.971988368549
20	566	18.8566991132017	28.428202878378
20	165	176.047855136007	233.758230634319
20	353	59.0802609650792	61.6571721843306
20	156	167.38990618912	280.39959823146
20	190	11.1499600564828	19.9567714557727
20	953	20.6364525252192	26.5944256072553
20	152	276.745170902808	397.835699606544
20	839	26.6618750769002	46.3835863175134
20	18	88.4715231556778	147.437290655137
20	121	498.522908503433	768.975714446813
20	48	125.144181016434	227.336829249992
20	40	283.787711221626	336.035875159245
20	53	211.569350518551	256.311651488591
20	419	275.807726626661	432.816268989892
20	39	280.259695089543	530.96575353033
20	352	68.5532357765144	73.4061786055324
20	665	104.248197625507	150.323744103231
20	935	62.0285405526071	120.651483651952
20	580	174.267373561052	218.43411922195
20	91	201.704336362288	377.640910777308
20	676	417.524563362601	458.118894816762
20	359	484.954078266376	799.253222508633
20	309	106.67861557411	132.069580100934
20	821	84.4837130776065	97.8826352184866
20	861	448.589520758758	808.254511919415
20	624	375.661361898138	616.500369329935
20	24	24.7495412522692	26.9185730938578
20	52	33.2709580325852	50.4722522197814
20	945	20.8314924458188	21.9769651451446
20	355	228.044406902997	292.498778357552
20	10	191.415222978878	230.276834550608
20	596	729.427601951839	1338.46679528557
20	798	166.530026138076	167.67117347633
20	100	25.9221076741452	45.8580462306754
20	818	76.7097711454657	133.212977944992
20	213	100.278360054958	166.591704205782
20	162	184.395173060892	218.567161558279
20	491	116.924140084034	216.252348905783
20	337	96.7832549991008	142.5896304854
20	219	231.914488133935	330.804494690606
20	103	265.039451192151	489.35049196013
20	464	90.7812023515725	161.614893970265
20	404	151.838084769825	197.271809222019
20	597	266.958362636603	527.958816663148
20	797	98.3372862899384	132.641728450642
20	530	19.2971840092434	35.3393691306489
